Token,Length
approaches,10
//www.mkyong.com/java/how-to-convert-java-object-to-from-json-jackson/,70
8,1
0,1
comma,5
The,3
uses,4
Loosely,7
reasonable,10
viable,6
Point,5
temperature,11
else-values,11
parser,6
folks,5
JFrame,6
realistic,9
failure,7
impact,6
Volley,6
unhandled,9
Hope,4
appear,6
JobInfo.Builder,15
cons,4
out-of-bounds,13
creation,8
Let,3
Second,6
Use,3
posted,6
removes,7
observation,11
Perspective,11
original,8
#,1
Getter,6
Dereferencing,13
tabs,4
meet,4
wish,4
purposes,8
fellow,6
tell,4
RepositoryInfo,14
compilers-in,12
observable,10
superinterfaces,15
-Xbatch,7
Hence,5
readable/idiomatic,18
respective,10
forwards,8
lowest,6
Chapter,7
recommended,11
someArray.length,16
draw,4
numbering,9
Basically,9
performed,9
express,7
complicated,11
how,3
modifier,8
cookie,6
matured,7
Solution,8
architects,10
ISO-8859-1,10
approximation,13
Model,5
var,3
pre-dated,9
IllegalStateException,21
explain,7
Applications,12
consisting,10
elements.First,14
consideration,13
outside,7
DOM/SAX,7
Database,8
operator,8
41,2
base.tag,8
counts,6
6.5~7,5
facing,6
panels,6
Box,3
drawbacks,9
look,4
unable,6
discouraged,11
them,4
algorithm,9
excellent,9
retrive,7
extremely,9
created,7
There,5
Check,5
manually,8
went,4
gave,4
pop,3
push,4
reassign,8
box,3
freeware,8
myarray.toString,16
customer,8
warning,7
Primitive,9
spread,6
much,4
worker,6
boiler-plate,12
until,5
addition,8
suggested,9
spell,5
World,5
stricly,7
dingleberries,13
Up-sides,8
p,1
philosophy,10
essence,7
Optional,8
modifying,9
Below,5
internal,8
heavy,5
For-each,8
TAG,3
//blog.takipi.com/the-ultimate-json-library-json-simple-vs-gson-vs-jackson-vs-json/,83
focus,5
Retrofit,8
a,1
regardless,10
JOptionPane,11
discuss,7
identifying,11
_,1
benchmark,9
identical,9
source,6
Data,4
traverse,8
quality,7
zoom,4
requests,8
closer,6
extending,9
gui,3
instructive,11
java.lang.NullPointerException,30
calls,5
stopwatch,9
understand,10
java.lang.String,16
finally,7
tuning,6
request.getParameter,20
endpoints,9
described,9
Fragment,8
rules,5
Given,5
circumvents,11
Work,4
manifest.xml,12
stems,5
mixing,6
sends,5
equal,5
agile,5
topmost,7
differenty,10
only,4
structure,9
documentation,13
arraytype,9
evaluation,10
containers,10
Replace,7
remember,8
matches,7
SOME,4
Java8,5
Ok.,3
etc,3
detected,8
James,5
Tags,4
CICompilerCount=1,17
monopolizes,11
simplifying,11
asynchronous,12
Velocity,8
directly,8
explanation,11
blog,4
Pros,4
Genson,6
Quick,5
logic,5
editor,6
You,3
Retrieve,8
reference/variable,18
Pass,4
catch,5
str,3
programs,8
observe,7
advisable,9
AngularJS-like,14
token,5
tracking,8
jsoniter,8
mind,4
server,6
result,6
recompile,9
worth,5
In,2
collection.Generics,19
adding,6
step-by-step,12
finds,5
JSP/Facelets,12
domain,6
receives,8
Custom,6
towards,7
JasperException,15
college,7
complications,13
unchecked,9
Experience,10
Arbeit,6
GridLayout.getVgap,18
Stream,6
magic,5
gobbledy-gook,13
light,5
Values.If,9
been,4
prefer,6
level,5
broader,7
Parse,5
anything,8
non-null,8
kind,4
PrintWriter,11
IndexOutOfBoundsException,25
-unchecked,10
costly,6
Box.createHorizontalGlue,24
2.x,3
get,3
compile/execute,15
operate,7
live,4
n't,3
Very,4
term,4
pointless,9
presenting,10
We,2
paradigm,8
optimizes,9
entirely,8
“,1
31,2
model,5
broken,6
PatrickParker,13
underneath.Alternatively,24
time,4
catching,8
dog.firstName,13
types,5
bother,6
RxJava,6
Again,5
across,6
aggregate,9
libs,4
Prefer,6
resize,6
situation,9
synchronous,11
With,4
water,5
short-running,13
boolean,7
kept,4
can,3
URL,3
Yea,3
error1,6
//github.com/jayway/JsonPath,28
implement,9
GitHub,6
measuring,9
carriage,8
Debug,5
underlined,10
thoughts,8
accordingly,11
Creating,8
builtin,7
name=,5
extend,6
relatively,10
Benchmarks,10
demonstrated,12
WRONG,5
scanner.newLine,15
Latin-1,7
clutter,7
misinformation,14
multiple,8
How,3
chars.As,8
'String,7
Import,6
business,8
points,6
Drops,5
because,7
engine,6
unexpected,10
mention,7
checked,7
sneaky,6
JFrames,7
baz,3
-server,7
passed,6
convert,7
AndroidManifest,15
translations,12
outliers,8
itpasses,8
Scanner.nextFoo,15
collections,11
Assembly,8
Replaceability,14
JavaSE,6
',1
strings,7
looked,6
tempting,8
match,5
erased,6
NavigableSet,12
DB,2
Value,5
versus,6
arise,5
Almost,6
enforce,7
clear,5
avoiding,8
anymore,7
FragmentActivity,16
Studio,6
litter,6
'crowded,8
non-reified,11
GridLayout.getHgap,18
developers,10
JsonObject,10
lays,4
Logcat,6
Objects.equals,14
including,9
complains,9
canonical,9
out,3
Two,3
removed,7
ListOfDog,9
online,6
apache,6
whose,5
JTable,6
Forms,5
options,7
resizing,8
tested,6
I,1
-c,2
development,11
ceases,6
goal,4
project-,8
first,5
slight,6
rule,4
emulator,8
remains,7
outputs,7
boxes,5
JGoodies,8
happen,6
Arrays,6
walking,7
indistinguishable,17
prints,6
2.6.5,5
ViewRootImpl,12
formed,6
a.length,8
.forEach,8
syndax,6
tar,3
Message,7
top,3
panes,5
expensive,9
{,1
programmers,11
excerpts,8
Top,3
markup,6
Sure,4
space,5
Apache,6
initialization,14
dogs,4
javap,5
lib,3
involved,8
shortcut,8
mysterious,10
indexed,7
HTTP,4
separator,9
Wicket,6
calculation,11
jsp,3
down-sides,10
wise,4
For,3
Swing,5
historical,10
Google-Api,10
tasks,5
debug,5
head-scratching,15
separated,9
Looper,6
telling,7
average,7
within,6
Besides,7
Observable,10
resolved,8
amount,6
important,9
debugged,8
overlimit,9
update,6
encoding,8
'good,5
JVM-instance,12
debugging,9
Workaround,10
Show,4
verbose,7
methodMost,10
contains,8
parameter,9
vGap,4
ASCII,5
visual,6
inexplicable,12
plates,6
Animals,7
Furthermore,11
Passing,7
Test2,5
ids,3
properly,8
left,4
obj,3
MyApp,5
Section,7
generally,9
\n,2
===============,15
holds,5
started,7
Mbyte,5
genericity,10
is,2
like,4
insensitive,11
returns,7
jar,3
us,2
./logview,9
flat,4
names,5
convention,10
computed,8
invoker,7
animals,7
attributes,10
fields,6
filter,6
thought,7
notable,7
clip-art,8
accepted,8
puppies,7
companies,9
speed,5
no,2
bar,3
95,2
inherently,10
Start,5
HotSpot,7
ABOUT,5
more,4
significance,12
Keeping,7
nature,6
it.After,8
compiles,8
IOException,11
occur.I,7
CharSequence,12
schedule,8
know,4
demonstrates,12
designand,9
Usually,7
Translate,9
java.io.BufferedInputStream,27
become,6
menus,5
exception.An,12
syntactic,9
Scanner.nextLine,16
opinion.Here,12
sizes,5
Language,8
corresponding,13
hint,4
IntentService,13
encounter,9
invoke,6
Quite,5
tier,4
Probably,8
Filter,6
instantiated,12
all,3
on,2
decrease,8
enhanced,8
meant,5
'Save,5
vital,5
factor,6
illustration,12
Gson,4
jdk7,4
30.https,8
Consider,8
Sometimes,9
JAVA_HOME,9
getter/setter,13
loading,7
access,6
superclasses,12
wanted,6
friendly,8
layoutmanagers,14
collection,10
part,4
Laying,6
Maurizio,8
constructors,12
inherited,9
convenient,10
selecting,9
shall,5
loads,5
beware,6
serialisation,13
optimizing,10
instruct,8
yaml,4
itself-that,11
Network-based,13
environment,11
repeatable,10
JDK,3
APIs.For,8
developed,9
string,6
optimistic,10
Moreover,8
presses,7
21,2
iterations/time,15
personally,10
expands,7
Suppose,7
struts,6
FinancesFragment,16
generates,9
PassByValueObjectCase2,22
if/when,7
Verbose,7
provider,8
explaining,10
Page,4
consist,7
general,7
potentially,11
pictures,8
error,5
support/debugging,17
cover,5
generated,9
its,3
sc.nextLine,11
controllers,11
preceded,8
Target,6
Terms,5
look-and-feel-independent,25
Programming,11
//stackoverflow.com/a/28559884/1024412,38
Throw,5
argument—something,18
gson,4
So,2
cared,5
generic,7
complain,8
drawn,5
person,6
searches,8
d,1
model-view-controller,21
occurs,6
expect,6
non-natural,11
stated,6
one,3
numbers,7
validate,8
mood,4
20,2
myDog,5
true,4
Arrays.toString,15
using,5
retrieve,8
Tombstone,9
portrait/landscape,18
jmh,3
name,4
messages,8
//bugs.openjdk.java.net/browse/JDK-6400189,42
HashCode,8
HTH,3
Jon,3
allocation,10
ticked,6
summary,7
synchronized,12
%,1
Crashing,8
namespace,9
copying,7
Generate,8
zero-based,10
corner,6
Such,4
ToString,8
x,1
legal,5
instantiates,12
beginner,8
micro-benchmarking,18
6,1
lock,4
datatypes,9
Gaps,4
JobScheduler,12
windows,7
0-4,3
creates,7
errors,6
notorious,9
Caches/Restart,14
sync,4
Then,4
engineers,9
swing,5
IDE,3
tentatively,11
handle,6
panel,5
//docs.oracle.com/javase/8/docs/api/java/lang/NullPointerException.html,71
forgotten,9
saying,6
smartGWT,8
iterating,9
favourite,9
explicit,8
case-insensitive,16
Tutorials,9
MoreObjects.ToStringHelper,26
and/or,6
Module,6
sizing,6
subtype,7
.mainThread,11
First,5
Please,6
comment,7
Stuff,5
Scanner.next,12
1.5,3
say,3
running,7
chain,5
nano/micro/macro,16
appropriately,13
around,6
quote,5
makes,5
Jayway,6
docs,4
coding,6
meaningfull,11
OGNL,4
characteristics,15
AsynTask,8
it,2
caching,7
waste,5
OO-ability,10
/,1
let,3
tempted,7
seed,4
garbage,7
.length,7
anyway,6
respects,8
further,7
clock,5
FinancesApi.java,16
EE,2
mutability,10
offload,7
task-bar,8
placing,7
Resource,8
control,7
pure,4
changeReference,15
semantics,9
base64,6
made,4
translated,10
differently,11
bodies,6
t.,2
Option,6
off,3
type,4
pre-set,7
data,4
quick-json,10
jackson,7
network-based,13
interoperable,13
Libraries,9
resolve,7
areas,5
hack,4
Spacing,7
number,6
inspired,8
aid,3
than,4
EL,2
scenarios,9
base,4
taglib,6
text,4
//developer.android.com/reference/android/os/AsyncTask,54
glue,4
2.1,3
menu,4
inherent,8
coming,6
Honeycomb,9
Filters,7
some,4
family,6
illusory,8
Call-by-value,13
figures,7
message,7
Slightly,8
done,4
worse,5
HandlerThread,13
//stackoverflow.com/a/42471816/143585,37
doPost,6
android,7
stack,5
zacherates,10
specification,13
written,7
Front,5
printed.If,10
mentions,8
Output,6
briefly,7
substantially,13
spinners,8
worry,5
removing,8
pass-by-copy-of-the-variable-value,34
bit,3
permanent,9
AndroidMonitor,14
big,3
trick,5
John,4
Foo.java,8
graphic,7
virtually,9
child3,6
c.setAttribute,14
belong,6
obsessed,8
divider,7
nada,4
Compareable,11
others,6
click-,6
except,6
s.length,8
Depending,9
fully,5
Animal,6
WYSIWYG,7
....,4
Tips,4
preceding,9
runOnUiThread,13
2.0,3
displayed,9
googled,7
decoupling,10
change,6
transactions,12
Examples,8
Xms,3
user,4
proponents,10
Notable,7
OR,2
knowledge,9
image,5
list.forEach,12
tests,5
interned,8
lot,3
follow,6
Trouble,7
ancestor,8
-tvf,4
compareTo,9
press,5
systems,7
modifier.Using,14
ADD,3
non-existent,12
article,7
Item,4
Book.java,9
highest,7
Allocate,8
Problem,7
streaming,9
Case,4
discussing,10
Policy,6
logical,7
References,10
RMI,3
backwards,9
blew,4
favours,7
Eddition,8
call,4
suppresses,10
EviL,4
fundamentally,13
whole,5
assigned,8
jsonText,8
illusion,8
developing,10
hence,5
scheduler,9
solve,5
Costigliola,11
ToStringBuilder,15
Location,8
analysing,9
5.0,3
buttons,7
overview,8
pretty,6
Tag,3
request,7
guess,5
required,8
up,2
Debuggability,13
scanner,7
little,6
yours,5
stumbled,8
Related,7
pointed,7
usefull,7
ie,2
Scheduler.computation,21
As,2
seems,5
transverse,10
requesting,10
interface,9
125,3
command,7
conclusion,10
entries,7
ArrayList,9
performing,10
develop,7
re-throw,8
precision,9
scriptlets,10
adopting,8
spot,4
was,3
com.example.khan.abc.AudioFragment,34
discarding,10
3.10.5,6
depth,5
Adjust,6
targeting,9
third,5
output,6
call-by-value,13
cats,4
Dr.Luiji,8
most,4
supply,6
quit,4
wondering,9
enhancements,12
color,5
Symbol,6
guide,5
+PrintCompilation,17
retained,8
§15.12,6
Account,7
scanner.skip,12
ThreadPoolExecutor,18
depend,6
pointer,7
alternatives,12
keyword.Before,14
gluing,6
whereas,7
force,5
Or,2
scriptlet,9
non-initial,11
loaded,6
need,4
whitespace,10
external,8
Update,6
pressing,8
.==,3
examples,8
concatenation,13
Beans,5
include,7
MigLayout,9
various,7
Reason,6
int,3
printed,7
NOTE,4
Null,4
.equals,7
significant,11
thecorrect,10
PendingResult,13
Dragon,6
entire,6
prevents,8
polymorphism,12
included,8
'm,2
instantiate,11
programming,11
Look,4
parts,5
jsonp,5
viewed,6
Lesson,6
differ,6
Log.e,5
second,6
directory,9
microphone.This,15
iterate,7
recompilation,13
timestamp,9
thier,5
Try,3
bunch,5
am,2
Merry,5
skips,5
showToast,9
retrieving,10
brought,7
dealing,7
chained,7
erasure,7
deserialisation,15
ensuring,8
defines,7
Though,6
verified,8
fine-tuning,11
1.,2
enough,6
New,3
Essentially,11
derived,7
Lombok,6
builders,8
\applications\xxxxx.java,24
facts,5
Multi-dimensional,17
declares,8
customize,9
retorical,9
start,5
ListOfCat,9
Call-by-Reference,17
convince,8
servlet,7
depending,9
permanently,11
period,6
search,6
unlike,6
Will,4
initial,7
Consumers,9
combine,7
f,1
delete,6
scenario,8
Exceptions,10
temp,4
touching,8
in-depth,8
input.next,10
numerous,8
||,2
picture,7
over,4
BorderFactory.createEmptyBorder,31
OP,2
Javadocs,8
resolution,10
E,1
de-emphasizes,13
expand,6
choose,6
type-safe,9
complex,7
readability,11
as-,3
ptr,3
&,1
approach,8
Full,4
See,3
answer,6
variations,10
component.That,14
remove,6
major,5
respectively,12
Identifier,10
concentrating,13
Others-,7
must,4
Virtual,7
preferable,10
right,5
between,7
clean,5
module,6
problem,7
restricting,11
Readers,7
Also,4
Arrays.asList,13
use,3
5,1
pass-by-reference,17
Strings,7
liked,5
accessible,10
heading,7
'Variable,9
compilers,9
evaluated,9
number2,7
Garbage,7
fooString1,10
Anyway,6
functional,10
interest,8
claim,5
valuable,8
flatMapToInt,12
6or,3
cross-platformness,18
slightly,8
wheat,5
view-,5
de-serialize,12
Looking,7
encourage,9
modified.Only,13
beginning,9
LOVE,4
Initially,9
confusion,9
Lets,4
Believe,7
missing,7
ancient,7
Windows-,8
procrastination,15
already,7
trivial,7
advantage,9
posing,6
notice,6
JFrameone,9
move,4
changed,7
Dimension,9
idea,4
feed,4
templates,9
Setting,7
manipulate,10
machine,7
Tutorial,8
onActivityResult,16
'names,6
one-time,8
//docs.oracle.com/javase/tutorial/java/generics/rawTypes.html,61
velocity,8
foo,3
paying,6
correct,7
evil,4
recommend,9
things,6
paste,5
noticing,8
provides,8
demo,4
describe,8
huge,4
ReST,4
identifiers,11
require,7
figure,6
finished,8
Android,7
mistakes,8
plugin,6
rely,4
themselves,10
member,6
counter-example,15
expressions,11
brackets,8
tough,5
takeaway,8
TLDR,4
Thread,6
tens,4
platforms,9
1.onClick,9
many,4
learning,8
mundane,7
47th,4
c,1
dependencies,12
surprised,9
embedded,8
roughly,7
says,4
42\r\n,6
amazing,7
subsequently,12
:println,8
Testability,11
separation,10
management,10
bind,4
websitefor,10
technique,9
No,2
costs,5
GSON,4
intellij,8
servlets,8
N'T,3
overhead,8
C++,3
doGet,5
inner,5
illegal,7
inconsistent,12
confirm,7
.toString,9
talk,4
threats,7
matter,6
symbols,7
conditionals,12
deepToString,12
hGap,4
Q,1
...,3
finding,7
micro-benchmarks,16
perfect,7
exercises,9
o,1
Parent,6
catches,7
applying,8
NO,2
pass,4
Reifiable,9
tags,4
wikipedia,9
shortcomings,12
noted,5
inclusive,9
param,5
implementation,14
'java.util.Arrays,17
deduction,9
Boro,4
JsonPATH,8
technicality,12
Box.createVerticalStrut,23
tmp,3
harder,6
Ken,3
cites,5
mater,5
according,9
redisplay,9
Good,4
already-existing,16
plays,5
compiler,8
book,4
keep,4
ImageCache,10
descendant,10
amigo,5
verify,6
XML-style,9
Freemarker,10
whichever,9
sometimes,9
invisible,9
ability,7
imports,7
easily,6
g.,2
mt2,3
b,1
Boolean,7
47,2
Method,6
Input,5
ENTER,5
forget,6
Build-,6
),1
screens,7
store,5
usecase,7
wrote,5
classic,7
fine,4
slider,6
A4,2
eliminated,10
representations,15
Cookie,6
retrieved,9
foreground,10
1.6.6,5
objects,7
0px,3
DownCastCollection,18
threads,7
taking,6
erasures,8
aims,4
fn,2
taken,5
^,1
Actually,8
defining,8
three,5
popular,7
evaluate,8
profile,7
mode,4
java.lang.Object,16
DO,2
E.,2
bound,5
speak,5
code,4
responsiveness,14
saves,5
ought,5
JInternalFrame,14
Programmers,11
subtle,6
integer,7
reports,7
pages,5
comments,8
click,5
operations,10
give,4
name=foobar,11
these,5
are,3
object-handles,14
wherever,8
contrasting,11
obsolete,8
50,2
configured,10
Erasure,7
Safeguard,9
databinding,11
blows,5
Foo,3
specifications,14
javax.json,10
trees,5
Rob,3
way,3
existence,9
helper,6
intended,8
.stream,7
//jsonp.java.net/,17
sugar,5
Other,5
plus,4
logs,4
trying,6
literals,8
style,5
said,4
declarations,12
Post,4
comparing,9
behaviour,9
really,6
self-document,13
initialized,11
crashes,7
becomes,7
referencing,11
PDF,3
terminate,9
On,2
several,7
Bootstrap.java:14,17
executable,10
beside,6
Instead,7
neither,7
present,7
strategies,10
performs,8
then,4
classes,7
long,4
Access,6
by,2
callers,7
IntelliJ,8
actually,8
down,4
234jdid,7
simplicity,10
beans,5
specifiying,11
yourself,8
mString,7
indicating,10
JSplitPane,10
toilsome,8
streams,7
Open,4
blue,4
Different,9
quadrapeds,10
inconvenient,12
well-documented,15
originated,10
java.lang.ArrayStoreException,29
googleing,9
iA,2
Controlling,11
confirmation,12
stronger,8
none,4
appropiate,10
gaps,4
Variable,8
everything,10
function,8
Bravo,5
Run,3
Engineering,11
Generally,9
param.foo,9
.java,5
find,4
accessing,9
chasing,7
fullworthy,10
callback,8
state,5
site,4
Down,4
debugging/testing,17
databind,8
non-empty,9
expecting,9
Controller,10
users,5
JSONObject,10
blocks,6
replaced,8
nearest,7
copy,4
CompareAble,11
PassByCopy,10
String.equals,13
packages,8
form,4
SAME,4
String.join,11
anotherProject,14
layouts,7
scan,4
account,7
requires,8
Print,5
Brian,5
circumstances,13
finite,6
\\R,3
353,3
Zope,4
Following,9
ensures,7
environments,12
Similar,7
nextFoo,7
Required,8
backend,7
com.example.khan.abc.AudioFragment.java,39
largest,7
LogCat,6
Holmes,6
stuck,5
otherReference,14
returned,8
named,5
social,6
perhaps,7
defense,7
copypaste,9
thousand,8
XSS,3
Thank,5
lump,4
mt1,3
Although,8
ONE,3
shift,5
Example.java,12
open,4
served,6
migration,9
constitute,10
explains,8
ratio,5
words,5
NPE,3
iteration,9
Step,4
late,4
report,6
java.io.IOException,19
syntax,6
contrast,8
nice-looking,12
compatibility,13
strictly,8
implementing,12
heuristics,10
methods,7
nothing,7
100,3
while,5
allocate,8
gets,4
looks,5
pane,4
citations,9
Arrays.stream,13
Doing,5
case,4
caller,6
/data/tombstones/tombstone_06,29
ClassName,9
close,5
nowhere,7
single,6
configure,9
again,5
num1=42,7
window,6
Yay,3
relationships,13
keyboard,8
feeling,7
project,7
based,5
defaults,8
travel,6
slow,4
activity,8
select/update,13
warnings,8
Excel,5
firstNumber,11
looping,7
far.However,11
inheritance,11
aspect,6
and,3
exploring,9
maps,4
7.5~7.8,7
reason,6
proliferation,13
proposed,8
All,3
Exchange,8
disallow,8
trouble,7
Taking,6
plugin.This,11
third-party,11
special,7
bite,4
false,5
asking,6
following,9
okay,4
thumb,5
floating,8
appropriate,11
Unfortunately,13
smaller,7
insets,6
somestring,10
RAM,3
operating,9
schema,6
chosen,6
violated,8
Gosling,7
Effectively,11
exerpt,6
best-practice,13
though,6
Caused,6
line,4
logged,6
tutorials,9
Modifying,9
well-defined,12
buffer,6
dimension,9
everyone,8
8.Check,7
compilation,11
mistakenly,10
who,3
Demonstration,13
JavaScript,10
i,1
individual,10
compile-time,12
achieve,7
doBody/,7
spektom,7
pre-assign,10
Box.createHorizontalStrut,25
maven,5
mapped,6
toJson,6
content/members,15
JPanel,6
ALT,3
conveys,7
practically,11
Paul,4
java,4
freeMarker,10
Considering,11
deal,4
method/function/procedure,25
customizable,12
probably,8
Way,3
sequences,9
he,2
given,5
programmer,10
shed,4
==,2
While,5
insights,8
ArrayJust,9
pointing,8
indices,7
yet,3
Rules,5
opinion,7
e.g.,4
decorated,9
downside,8
told,4
encountered,11
typing,6
refers,6
opening,7
conceive,8
item,4
opposite,8
3rd,3
type-parameter,14
handy,5
system-specific,15
bin,3
JSON,4
country,7
offers,6
changeName,10
declaration,11
translatedText,14
considering,11
provided,8
Toolkit,7
Make,4
subscribe,9
incarnations,12
execution,9
safe,4
JSR,3
pass-the-reference-as-value,27
missed,6
had,3
View-,5
String.intern,13
Ada,3
shapes,6
//opt.sourceforge.net/,22
\desktop\abc-shortcut,21
wonderful,9
phraseology,11
RAM.Those,9
FALSE,5
time-consuming,14
Personally,10
distinct,8
Resolved,8
toString,8
mindful,7
designated,10
Author,6
Barbara,7
JDK7,4
Underlying,10
placed,6
Enter,5
lots,4
integral,8
design,6
relevance,9
fast,4
localisation,12
Backbone.js,11
of,2
scoping,7
computer,8
Consequently,12
unfortunate,11
recommends,10
.tag,4
portable,8
presentations,13
©,1
void,4
reference.In,12
row,3
Pointer,7
===,3
Test.java,9
window-,7
Example3,8
4th,3
helped,6
attempt,7
submit,6
reversed,8
variety,7
versa,5
MyEntityService.java,20
lambda,6
logging,7
plank,5
links,5
assignment,10
Third,5
Ok,2
appears,7
sextet,6
Operator,8
methods/tools,13
detect,6
1ad086a,7
inject,6
create,6
basis,5
port,4
have,4
Teams,5
aka,3
seriously,9
FlowLayout.setHgap,18
connection,10
i5,2
bounds,6
references,10
nest,4
where,5
EE7,3
JLS,3
Network,7
3.45,4
sent,4
Notice,6
starting,8
concatenating,13
show,4
implemented,11
Bear,4
dick,4
GC,2
manager,7
cases,5
inside,6
replacing,9
every,5
processed,9
absorb,6
modal,5
'programs,9
Windows,7
.push,5
referenced,10
Verose,6
superinterface,14
Would,5
join,4
jump-tables,11
passed-in,9
spec,4
classname,9
unknown,7
official,8
buried,6
composing,9
lies,4
numberArray.length-2,20
Okay,4
bytecode,8
dimensional,11
adb,3
whenever,8
prior,5
orderly,7
personObj,9
Never,5
>,1
customized,10
By,2
write,5
Rebuild,7
Eg,2
Size,4
OutOfMemoryException,20
supports,8
fact,4
Install,7
they,4
clarify,7
having,6
8.4.1,5
Acrobat,7
happening,9
allocated,9
Turbo,5
ignores,7
num,3
super,5
geometry,8
almost,6
BorderLayout,12
goes,4
//github.com/fabienrenaud/java-json-benchmark,45
Indeed,6
modification,12
Github,6
Out,3
extract,7
practice,8
utilizes,8
grow,4
Crashlytics,11
str1,4
issue,5
moment,6
take,4
static,6
shiny,5
swap,4
invocation,10
setName,7
”,1
Parsing,7
early,5
um,2
unresponsive,12
2.2.2,5
supposed,8
often,5
GridBag,7
settings,8
Java-8,6
APIs,4
less,4
you,3
minutes,7
indexes,7
HTML,4
consequence,11
purpose,7
page,4
configuration,13
shape,5
controller,10
(,1
method,6
comes,5
Layout,6
TALKING,7
did,3
identifier,10
adherence,9
stating,7
before,6
Edit,4
incremented,11
hitting,7
normally,8
heard,5
folder,6
'stack,6
preloading,10
-,1
string2,7
shown,5
away,4
MyCompareAble,13
mechanisms,10
doFilter,8
always,6
reference-not,13
Call,4
preemptive,10
top-right,9
explicitly,10
turn,4
'var,4
Many,4
cause.Here,10
tail,4
terminology,11
pedantically,12
micro,5
:run,4
proper,6
Cimadamore,10
destinations,12
route,5
NOT,3
expected,8
argument,8
exist,5
"9,10,11",7
post_id,7
OTOH,4
templating,10
copies,6
timing,6
Overridden,10
risking,7
squeezed,8
resources,9
treated,7
Commons,7
expose,6
does/is,7
comparative,11
trace,5
Provided,8
OOP,3
obvious,7
easiest,7
negative,8
lists,5
forced,6
onNext,6
requested,9
difference,10
insignificant,13
pre-defined,11
Printing,8
Manifest,8
'',2
resizes,7
sorted,6
work,4
comparison,10
reasonably,10
robust,6
WebWork,7
recent,6
runtime,7
AudioFragment.java:125,22
communication,13
load,4
TRUE,4
positions,9
useless,7
coworkers,9
composite,9
deoptimization,14
legacy,6
Nashorn,7
..,2
Old,3
ever,4
seconds,7
myString,8
attention,9
came,4
App,3
confusing,9
hassles,7
Remember,8
therefore,9
Plain,5
care,4
Template,8
client-ready,12
Before,6
gap,3
ImageLoader,11
UserViewDialog.java,19
Analyzing,9
Invoke,6
array2,6
Reduce,6
violating,9
Thanks,6
redundant,9
printString,11
Mammal,6
typesExample,12
Release,7
Library,7
spacing,7
initializing,12
4.6,3
1.5+,4
large,5
interested,10
automatically,13
since,5
People,6
those,5
instead,7
OpenJDK,7
motivation,10
dismiss,7
neccessary,10
individually,12
web,3
newline,7
myth-bust,9
initialised,11
object-variable,15
random,6
surface,7
intuitive,9
Maintaining,11
restricted,10
processing,10
bodyContent.jsp,15
constructing,12
pass-by-reference—all,21
applies,7
applications,12
input,5
divided,7
varied,6
Stream.of,9
registers,9
instances,9
alias,5
functions,9
ArralyList,10
lay,3
42,2
features,8
effects,7
alternating,11
periodically,12
substring,9
hesitate,8
stream,6
quickest,8
Crash,5
capabilities,12
jzd,3
invariant,9
successfully,12
Python/Zope,11
Declaring,9
min/preferred/max,17
Pass-by-reference,17
designed,8
existing,8
GridLayout,10
manifest,8
-client,7
idea.thank,10
restriction,11
stack/heap,10
now,3
Embedding,9
introduction,12
immutable,9
Hey,3
singleton,9
Perhaps,7
JVMs,4
//developer.android.com/reference/android/os/NetworkOnMainThreadException.html,78
compound,8
TextView,8
underneath,10
key,3
merely,6
Flow,4
once,4
lose,4
indeed,6
we,2
Tale,4
event,5
Interface,9
when,4
size,4
CalledFromWrongThreadException,30
exception,9
template,8
terrible,8
MANUALLY,8
targetting,10
-Xlint,6
a==b,4
threading,9
'operations,11
What,4
DR,2
inputted,8
assigning,9
-XX,3
help,4
tab,3
32,2
shrink,6
separators,10
stuff,5
'name,5
justified,9
illustrate,10
//thebadprogrammer.com/swing-layout-manager-sizing/,51
two,3
3.0,3
java.util.concurrent,20
Internet,8
modern,6
skipped,7
concerned,9
ca,2
frees,5
produce,7
Result,6
format/contains/uppercase,25
gives,5
wants,5
without,7
analyzing,9
pass-by-whatever,16
LINK,4
setXXX,6
Read,4
whether,7
input.Because,13
pinpoint,8
Specifically,12
toolbar,7
invented,8
Homoglyphs,10
Permission,10
Log.d,5
compiled,8
wildcards,9
legend,6
Be,2
acceptable,10
Excellent,9
backward,8
//download.oracle.com/javase/tutorial/uiswing/layout/using.html,63
compared,8
reflection,10
reading,7
ones,4
run-time,8
Pages,5
$,1
modes,5
executes,8
inputs,6
Original,8
held,4
among,5
division,8
NPE.Can,7
review,6
dev,3
problem.You,11
Certainly,9
pros,4
character,9
studied,7
Gradle,6
employs,7
stiff,5
aspects,7
fits,4
auto-generating,15
Stacktrace,10
Compiler,8
AndroidSchedulers.mainThread,28
needing,7
java.util.List.size,19
private,7
avoid,5
casts,5
'd,2
silliness,9
pull,4
.intern,7
printer.setName,15
still,5
jars,4
Every,5
Assume,6
arrows,6
affects,7
parameterizations,17
RxAndroid,9
SQL,3
assembler,9
free,4
enables,7
per,3
confusions,10
titled-border,13
logically,9
living,6
Monitor,7
handed,6
current,7
printing,8
println,7
illustrating,12
memory,6
extra,5
suspects,8
FlowLayout.setVgap,18
beautifully,11
building,8
import,6
2001,4
behaved,7
sampleJson.txt,14
clicking,8
dependent,9
just,4
child1,6
initialise,10
perchance,9
Where,5
Collector,9
org.json.Nashorn,16
Effective,9
filled,6
fails,5
read,4
sub-projects,12
Supplier,8
custom,6
interesting,11
older,5
Servlets,8
apply,5
preprocess,10
//github.com/koush/ion,22
run,3
perceives,9
checkSystem.out.print,21
perspective,11
Parameter,9
Exception5,10
Inc,3
generate,8
analogy,7
wrong,5
``,2
Server,6
59,2
newbie-guide,12
OS,2
combined,8
quite,5
anywhere,8
crashed,7
obviously,9
pollution,9
hate,4
OK,2
’,1
serializers,11
effort,6
eventualities,13
privacy,7
fill,4
thousands,9
assigns,7
link,4
33,2
next,4
Of,2
criteria,8
option,6
VM,2
offer,5
Suddenly,8
supportLocation,15
sonar,5
System.out.println,18
My,2
execute,7
derive,6
deserialize,11
friends,7
GWT,3
itself,6
scope-trouble,13
double,6
sign,4
length,6
resolves,8
Recompile,9
searched,8
scriplets,9
simply,6
Create,6
non-literal,11
plain,5
benefits,8
property,8
block,5
forum,5
Thrown,6
permission,10
sort,4
account1,8
Without,7
JsonReader,10
Invariant,9
imported,8
heap,4
parent,6
choice,6
implicitly,10
sending,7
traces,6
PageInfo,8
steps,5
cafeteria.Memory,16
mode.Firstly,12
arg2.So,7
THREAD,6
firstName.equals,16
Children,8
pom,3
happened,8
soon,4
Fewer,5
IN,2
",",1
pick,4
deepest,7
variable,8
instantiation,13
solved,6
solutions,9
grid-based,10
components,10
colloquially,12
assuming,8
Box.createRigidArea,19
thus,4
extended,8
thrown1,7
System.nanoTime,15
difficult,9
attacks,7
file,4
excerpt,7
definitely,10
places,6
handler,7
risk,4
View,4
previous,8
iB,2
===============================================================================,79
terminal,8
\r\n,4
hereby,6
talks,5
built-in,8
dialog,6
8+,2
Lastly,6
bottom,6
descriptor,10
Templates,9
ready,5
serialized,10
creators,8
getNames,8
reveals,7
Hah,3
spotty,6
cat,3
Either,6
Some,4
formatting,10
version,7
distinction,11
10,2
single-threaded,15
easy,4
compare,7
simplest,8
counter,7
wherein,7
preferential,12
behaves,7
component-based,15
deeper,6
ultimately,10
turned,6
prices,6
decision,8
Going,5
pay,3
converted,9
encoded,7
pagePic,7
Buckley,7
minimal,7
unpopular,9
digits,6
referring,9
Threading,9
hehe,4
globally,8
SimplateDateFormat.parse,24
Theoretically,13
Paste,5
low,3
experienced,11
recompiling,11
vs,2
Downloadable,12
multi-dimensional,17
-verbose,8
upper,5
breaking,8
action,6
getXXX,6
literal,7
logcat.txt,10
Google,6
causes,6
pageName,8
order,5
Maxx,4
below,5
showing,7
R.,2
target,6
popup,5
Dog,3
assumption,10
joining,7
tricky,6
response,8
nextInt,7
height,6
worked,6
piece,5
fairly,6
Bar.java,8
modified,8
subtly,6
app,3
reacts,6
heck,4
sizealignment,13
arr,3
font,4
Each,4
manner,6
last,4
neat,4
passed-by-reference,19
Android-,8
future,6
R,1
Multiple-Document,17
equality/comparison,19
erroneous,9
eg,2
Note,4
Mapping,7
fetch,5
somehow,7
Presumably,10
jsonData,8
merging,7
overriding,10
runs,4
JsonPath,8
They,4
pos,3
navigate,8
abstract,8
denote,6
undergo,7
stored,6
ScanReader,10
successor,9
talking,7
PHP,3
behind-the-scenes,17
rock,4
implementations,15
nulls,5
genesis,7
doSomething,11
unsigned,8
full,4
code.This,9
possible,8
accompanying,12
Whenever,8
`,1
decoupled,9
Student,7
indexing,8
i=,2
Sets,4
extensible,10
MyObject,8
desktop,7
converting,10
Source,6
dingleberry,11
Firstly,7
decouple,8
earlier,7
SQLServerException,18
queue,5
BorderLayout.getVgap,20
checks,6
renders,7
solving,7
.Object,7
receiving,9
Ant,3
wrapper,7
http,4
Xmx,3
keywords,8
nextLine,8
total,5
public,6
new,3
capable,7
luck,4
Anyways,7
David,5
Square,6
reach,5
figuring,8
haphazard,9
under,5
Collection,10
small,5
java.util.Arrays,16
at,2
Struts,6
dereferenced,12
Servlet,7
ancillary,9
set,3
stacktraces,11
noticeable,10
Answer,6
pageInfo,8
maybe,5
requirements,12
ended,5
Properties,10
met,3
MCTaRE,6
saving,6
WEB-INF\tags,12
safely,6
techniques,10
higher,6
produced,8
space.But,9
eventually,10
n,1
alive,5
Overview,8
closing,7
finances,8
designer,8
duplicated,10
possibility,11
accessed,8
class-load,10
string-pool,11
receive,7
C/C++,5
Compared,8
diagram,7
generics,8
processResponse,15
submitted,9
nil,3
IS,2
twice,5
Class.getName,13
ton,3
criticized,10
Console,7
NullPointerException,20
Referenced,10
UIs,3
unambiguously,13
"0,0",3
discovered,10
Cause,5
Fifi,4
Which,5
differences,11
through,7
volatages,9
Summary,7
Typically,9
if/forEcah/chosen,17
instance,8
circles,7
anyone,6
§15.28,6
however,7
BorderLayout.getHgap,20
initializes,11
responding,10
down-voted,10
enrich,6
Calling,7
forever,7
com.foo.MyType,14
name.length,11
rendered,8
platform,8
upon,4
modded,6
may,3
their,5
SSCCE,5
invocations,11
Consumer,8
word,4
intent,6
saved,5
Within,6
pieces,6
long-running,12
concurrency,11
each,4
"7,8",3
jazzy,5
Pattern,7
Methods.6,9
.,1
Error,5
via,3
element,7
copied,6
permitted,9
technically,11
projects,8
Avoid,5
're,3
fixed,5
rendering,9
open-source,11
downvotes,9
age,3
acting,6
poorly,6
holding,7
secure,6
Go,2
Learn,5
conventions,11
UseEpsilonGC,12
class,5
immediately,11
Because,7
monitor,7
onClick,7
Ljava.lang.String,17
keys,4
Equals,6
example,7
looper,6
took,4
otherwise,9
stay,4
caused,6
inadvertently,13
remind.I,8
lack,4
util,4
newly,5
storage,7
Enjoy,5
signed,6
chose,5
1.x,3
potential,9
try,3
depths,6
Thompson,8
arrays,6
copy-on-write,13
rev,3
trigger,7
Trace,5
entry-level,11
tombstone,9
infinite,8
concession,10
along,5
lowercase,9
analysis,8
'user-friendly,14
/WEB-INF/,9
optionFor,9
regular,7
views,5
slower,6
recycle,7
java.lang.Boolean,17
SwingLabs,9
explained,9
appendNewObject,15
relevant,8
side,4
loosing,7
problematic,11
frequency,9
specifies,9
shared,6
putting,7
enhanced-for,12
assume,6
myarray,7
as,2
scratch,7
--,2
disadvantages,13
happens,7
leveraging,10
com.example.myproject,21
label,5
could,5
sufficient,10
Edition,7
smile,5
formally,8
j,1
compilations,12
guaranteed,10
String.equalsIgnoreCase,23
slowness,8
honor,5
buckets,7
necessary,9
identity,8
applicable,10
Maybe,5
specified,9
After,5
guessing,8
BTW,3
operates,8
Put,3
creator,7
violate,7
Alex,4
It,2
42\r\n\r\n321\r\n\r\n\r\nfoobar,31
restrictions,12
setSize,7
begins,6
safer,5
JScrollPane,11
StringBuffer,12
at-sign,7
alternative,11
parametrize,11
CLU,3
testing,7
reference,9
unsupported,11
\r,2
uncaught,8
analogous,9
causing,7
surrounding,11
7,1
—,1
refactoring,11
week,4
Scanner,7
commercial,10
junk,4
SimpleDateFormat,16
Pain,4
homoglyphs,10
NEVER,5
button,6
setting,7
independent,11
Press,5
covariance,10
64,2
redirect,8
Comparison,10
ensure,6
Commons.Lang,12
dozens,6
contents,8
…,1
intermixing,11
locations,9
multidimensional,16
upload,6
unsure,6
Civil,5
POJO,4
JSONObjects,11
4.8,3
producer-consumer,17
sql,3
mapping,7
enums,5
white,5
reassigned,10
Container,9
very,4
react,5
223rd,5
GridBagLayout,13
Oh,2
deferring,9
Compilation,11
delay,5
studio,6
makeCallParseResponse,21
casting,7
contribution,12
CR,2
Software,8
skip,4
hear,4
nextXXX,7
Same,4
liable,6
typically,9
Sample,6
snippet,7
serialization/deserialization,29
XSLT,4
drastic,7
Single,6
Should,6
escaping,8
plan,4
dereferencing,13
Well,4
typical,7
'll,3
target/classes,14
maximum,7
Generics,8
levels,6
labeled,7
//jfeatures.com/blog/NullPointerException,41
\desktop,8
Adding,6
edition,7
Jackson,7
spirit,6
uphill,6
Book.java:16,12
discussion,10
caches,6
convinced,9
Collections,11
effect,6
Otherwise,9
puts,4
non-printable,13
eligible,8
iterations,10
life,4
foreach,7
suitable,8
THE,3
Socially,8
Whatever,8
UK,2
additional,10
parameterized,13
getMinimumSize,14
overriden,9
far,3
clicked,7
firstName,9
Layer,5
highly,6
SQLite,6
hard,4
Raw-types,9
tedious,7
breakpoint,10
attach,6
multi-display,13
variables,9
mudding,7
typesafe,8
agree,5
invoked,7
t,1
world,5
technical,9
NULL,4
Like,4
Inspect,7
1-indexed,9
Json,4
representation,14
advises,7
also,4
warmup,6
cache,5
erase,5
own,3
marked,6
laid,4
manages,7
added,5
ListOfAnimal,12
needed,6
such,4
Example,7
java.version,12
Bob,3
Big-Three,9
arrangement,11
method—copies,13
a==null,7
Here,4
Name,4
wire,4
synchronization,15
java2s.tld,10
Register,8
spelling,8
binding,7
hold,4
TL,2
ran,3
cell,4
C.,2
usual,5
parsing,7
LayoutManger,12
attempts,8
AndroidManifest.xml,19
dog,3
balk,4
scope,5
unreachable,11
represented,11
protecting,10
Type,4
borders,7
rarely,6
essentially,11
=,1
Since,5
'ptr,4
System.outor,12
above,5
opposing,8
arg1,4
footprint,9
recommendations,15
fastjson,8
natural,7
JaveEE,6
dynamically,11
empty,5
range,5
GroupLayout,11
braces,6
ArithmeticException,19
Foos,4
specifying,10
sequence,8
Build,5
into,4
resistance,10
calculating,11
aesthetic,9
icon,4
2,1
WEB-INF\classes\com\java2s,26
determined,10
terms,5
container,9
presented,9
session,7
policy,6
log,3
declare,7
displaying,10
units,5
reopen,6
.BTW,4
autoboxing,10
supplier,8
opted,5
SuppressWarnings,16
harry,5
multi-threaded,14
irrelevant,10
'numberArray,12
other,5
were,4
pain,4
JSTL,4
drop-down,9
mix,3
byadding,8
looking,7
java.io,7
basically,9
massage,7
.But,4
destination,11
child.jsp,9
char,4
subclasses,10
logo,4
If,2
4,1
analyze,7
arg2,4
2f92e0f4,8
Function,8
Raw-type,8
MainActivity.java,17
faster,6
clocked,7
thinking,8
NOTES,5
Android-Studio/Gradle,21
serves,6
JMenuBar,8
optimization,12
numberArray.length-1,20
About,5
Just,4
excluding,9
student,7
solution,8
evolve,6
his/her,7
input.nextInt,13
JDialog,7
associated,10
Device,6
particular,10
SOAP,4
accident,8
there,5
logs.txt,8
E.g,3
TAL,3
Modified,8
-Xbootclasspath/p,17
2nd,3
hexadecimal,11
affect,6
guarantee,9
found,5
Dynamically,11
Thus,4
web.xml,7
Karsten,7
works,5
questions,9
Test,4
thread.We,9
language,8
helps,5
with,4
ExecutorService,15
},1
XPath,5
reference/value,15
indicate,8
pixels,6
needs,5
man,3
critical,8
Skeet,5
frustrated,10
presenters,10
2006,4
'Pass,5
fail,4
Retrieval/update,16
video,5
FutureTask,10
this.name,9
Strict,6
equivalent,10
Text,4
JACKSON,7
header,6
printer.print,13
cleaner,7
items,5
Force,5
PassByValueObjectCase1.java,27
preventions,11
FlowLayout.getHgap,18
Maven,5
dependency,10
recently,8
smarter,7
Vertical,8
Devices,7
native,6
MyType.Nested,13
Johnson,7
assign,6
visible,7
job,3
belongs,7
lt,2
bears,5
answered,8
quick,5
aDog,4
Classes,7
Integrate,9
non-delimiter,13
sounds,6
reverse,7
lives,5
Files,5
passing,7
character-by-character,22
getFavoriteMusicShows,21
40,2
unfortunately,13
Simple,6
bypass,6
iterator,8
intArray,8
u,1
list,4
Object,6
check,5
build,5
Values,6
deprecated,10
FinancesApiBuilder,18
thrown.The,10
ahead,5
others-,7
lead,4
currently,9
weather,7
documents,9
Select,6
nextType,8
quiet,5
<,1
reflect,7
child,5
arguing,7
threw,5
rare,4
pool,4
intuition,9
libraries,9
subclass,8
evidence,8
spare,5
2005,4
selected,8
OSR,3
valid,5
doing,5
your,4
operators,9
+,1
requirement,11
annotation,10
Dotted,6
warmup-phase,12
realistically,13
percentages,11
Methods,7
13,2
eachJPanel,10
believe,7
either,6
Down-sides,10
ALWAYS,6
influence,9
aliases,7
consumeconsiderable,19
obtain,6
availability,12
9th,3
percentage,10
writing,7
represents,10
Even,4
straightforward,15
unless,6
originating,11
patterns,8
view,4
inference,9
inefficient,11
exact,5
path,4
'Invalidate,11
absolutely,10
which,5
presentation,12
stock,5
layer,5
simple,6
turns,5
well-identified,15
Warning,7
de-serialisation,16
referred,8
impossible,10
expression,10
One,3
lets,4
send,4
Want,4
Spring,6
avoids,6
non,3
nomenclature,12
balloon,7
NullLayout,10
Consequences,12
possibilities,13
json,4
bits,4
website,7
runnables,9
exactly,7
post-validate,13
clients,7
Duck,4
tells,5
carefully,9
column,6
EAX,3
equalsIgnoreCase,16
expressive,10
here,4
hex,3
modifyReference,15
object,6
Auther.java:25,14
follows,7
stops,5
listed,6
contain,7
JMenuItems,10
chronological,13
pattern,7
kinds,5
Sonar,5
parameters,10
allows,6
Stick,5
dialogs,7
IP,2
ANR,3
illusions,9
free-floating,13
Rule,4
change/modify,13
Caliper,7
defacto,7
explanations,12
JMH,3
dereference,11
facility,8
clearify,8
friend,6
Pascal,6
Kotlin,6
:,1
Components,10
LOG,3
collected,9
maintainers,11
==============,14
Life,4
getting,7
beginners,9
user_view_dialog.xml,20
Recompiling,11
might,5
max,3
real-time,9
package,7
UCSD,4
HanlerThread,12
starts,6
play,4
return,6
hisName,7
languages,9
stick,5
means,5
holes,5
tackling,8
JSR-353,7
Performance,11
//mvnrepository.com/artifact/org.json/json,42
Obviously,9
comprehensive,13
Facelets,8
drawAll,7
.NET,4
tips,4
spawns,6
Raw,3
14,2
!,1
that,4
array,5
awesome,7
b.,2
JSF,3
increments,10
designing,9
conversation,12
Yes,3
both,4
lends,5
represent,9
Horizontal,10
THAT,4
latency,7
At,2
tld,3
constructor,11
corrections,11
bullet,6
E7,2
However,7
halfway,7
contribute,10
limited,7
times.Let,9
contributing,12
Right,5
Have,4
Do,2
posts,5
'pass-by-value,14
ineffective,11
frames,6
decided,7
Spec,4
aDog.getName,12
vertical,8
deserialization,15
highlight,9
WEB-INF/tags,12
Dialog,6
ships,5
54,2
22,2
short-term,10
field,5
org.json,8
known,5
Disable,7
high,4
MDI,3
Directly,8
want,4
stores,6
possibly,8
CPU,3
Despite,7
invalid,7
produces,8
my,2
best,4
overrides,9
interact,8
hashcode,8
trained,7
disable,7
bad,3
devs,4
Changing,8
solely,6
avoided,7
x.x.x,5
SQLException,12
series,6
Simply,6
codes,5
\desktop\abc.txt,16
kernel,6
viewers,7
brace,5
onto,4
same,4
stopped.,8
idiomatic,9
WORK,4
internationalisation,20
11,2
ArrayIndexOutOfBoundsException,30
Any,3
reads,5
Privacy,7
impression,10
unespecified,12
intimidating,12
especially,10
numerical,9
LOGCAT,6
demuddle,8
Is,2
accidentally,12
DeclaratorId,12
minimize,8
signature,9
passes,6
she,3
giving,6
got,3
object-sharing,14
mixed,5
something,9
mentioning,10
pom.xml,7
12,2
manage,6
I/O,3
AsyncTask,9
enforcetype,11
P.S,3
or,2
GUI,3
tool,4
devoted,7
index,5
But,3
CSS,3
SpringLayout,12
2020.10.19.37839,16
Project,7
raw-type,8
JavaBean,8
Back,4
FastJson,8
123hd7h,7
ugly,4
concurrent,10
instanceof,10
cartoons,8
User,4
correction,10
properties,10
periods,7
Assign,6
Another,7
please,6
miss,4
authors,7
setter,6
micro-benchmark,15
DOES,4
occurrence,10
covering,8
fragment,8
input.nextLine,14
B,1
easier,6
activities,10
ago,3
odd,3
section,7
manipulation,12
Best,4
master,6
sources,7
Embed,5
mTextView.setText,17
speaking,8
12345678,8
replace,7
schedulers,10
java.net,8
takes,5
adjust,6
Goetz,5
reliable,8
executing,9
tutorial,8
apparently,10
initially,9
copys,5
crash,5
system,6
implements,10
polished,8
Therefore,9
containing,10
good,4
permissions,11
children,8
suggestions,11
zero,4
JInternalFrames,15
PendingIntent,13
abolished,9
encapsulate,11
allow,5
designers,9
fashion,7
deserializers,13
median-value,12
revised,7
From,4
webservice,10
64GB,4
define,6
fine-grained,12
Ways,4
rxJava,6
iterates,8
component,9
database,8
versions,8
complexity,10
Liskov,6
calculate,9
typeless,8
serialization,13
implicit,8
Set,3
taskbar,7
specific,8
equality,8
Running,7
binds,5
capture,7
Starting,8
meaningless,11
adopt,5
device,6
234,3
description,11
hgap,4
networking,10
statement,9
certainly,9
information,11
When,4
Always,6
correctly,9
reputable,9
Arrays.deepToString,19
Schedulers.io,13
Benchmark,9
incomplete,10
paths,5
validation,10
presents,8
meaningful,10
JsonArray,9
Identify,8
images,6
Convert,7
Service,7
RSS,3
ObjectMapper,12
flow,4
Stacktraces/Exceptions,22
Lee,3
understandability,17
practices,9
JavaDocs,8
jsonschema2pojo.org,19
continues,9
die,3
theories,8
msysmilu,8
'Stack,6
s2,2
lesson,6
Saves,5
usage,5
Observe,7
unanticipated,13
File,4
layout,6
inn,3
infact,6
introduced,10
//docs.oracle.com/javase/tutorial/uiswing/layout/using.html,59
situations,10
whitespaces,11
Finally,7
Absolutely,10
'nowhere,8
successful,10
Code,4
Throwable,9
rescue,6
getPreferred|Maximum|Minimum,28
populate,8
tries,5
Java,4
constructed,11
frames/single,13
Expression,10
prevented,9
blogging,8
alt+6,5
developer,9
structured,10
disconnect,10
IDEs,4
juggling,8
unsafe,6
come,4
increment,9
accept,6
mistake,7
question,8
hierarchy,9
preferred,9
client,6
Unlike,6
library,7
forming,7
simpler,7
duplicate,9
horizontal,10
flag,4
stopthe,7
red,3
intern,6
FlowLayout,10
details,7
occurred,8
downloads,9
Frame,5
AppDebug,8
adapted,7
'deficiency,11
chapter,7
BorderLayout.setHgap,20
Next,4
He,2
print,5
maintain,8
e,1
decodes,7
the,3
sc,2
28a418fc,8
entering,8
displays,8
Suppliers,9
'ArrayIndexOutOfBoundsException,31
postprocess,11
1974,4
cc,2
similar,7
specifically,12
Done,4
10385c1,7
warn,4
mutable,7
This,4
e.g,3
dynamic,7
type-safety,11
Last,4
n-1,3
recomend,8
a.k.a,5
able,4
layers,6
any,3
an,2
Scripting,9
jsoniterator,12
Hopefully,9
org.apache.commons.lang3.StringUtils.join,41
myObject,8
address,7
states,6
override,8
SerializedName,14
million,7
wife,4
API,3
animal,6
Mary,4
interpretation,14
3.10.5-1,8
Handle,6
.They,5
use.You,7
escapes,7
16,2
describes,9
characters,10
continue,8
standard,8
during,6
Lentzsch,8
myself,6
Editor,6
hours,5
Download,8
couple,6
helpful,7
BoxLayout,9
due,3
Popular,7
parent-type,11
tweaked,7
Executor,8
everytime,9
birth,5
B.,2
GridLayout.setHgap,18
java.nio,8
thread/UI,9
hints,5
SDK,3
grid,4
do,2
measured,8
mechanism,9
cause,5
driving,7
sure,4
Specs,5
accuracy,8
count,5
me,2
setMinimumSize,14
build.gradle,12
download,8
old,3
Guava,5
MVC,3
overwhelming,12
percent,7
byte,4
com.foo.Person,14
keyword,7
EDIT,4
success,7
Are,3
According,9
tocreate,8
arbitrary,9
Scanner.nextInt,15
cast,4
holy,4
urban,5
AsyncTaskLoader,15
his,3
see,3
MyType,6
invariance,10
Lang,4
statements,10
Why,3
ordinary,8
be,2
tom,3
great,5
making,6
JPanels,7
Core,4
sake,4
Take,4
primary,7
SAP,3
changing,8
4.1.2,5
cant,4
least,5
className,9
s,1
abc.txt,7
1.4,3
SDI,3
mode-pass,9
values,6
began,5
functionality,13
root,4
System.out,10
escapeXml,9
reset,5
Java/JSP/JSTL/EL/whatever,25
prematurely,11
Objects,7
ArrayIndexOutOfBoundsExceptions,31
primitives,10
community,9
BBB,3
reporting,9
modifie,7
consider,8
benefit,7
constraints,11
Angular,7
separates,9
controlling,11
power,5
extensions,10
executed,8
thrown,6
careful,7
symbol,6
sole,4
optimized,9
Single-Document,15
topic,5
utilisation,11
Did,3
Live,4
mentioned,9
improve,7
logcat,6
resulting,9
ripping,7
different,9
clearly,7
safety,6
sense,5
collects,8
changevalue,11
willing,7
sets,4
vertically,10
'pass,5
AsyncHTTPClient,15
contributions,13
includes,8
str2,4
Definitely,10
stacktrace,10
deliver,7
kill,4
Looping,7
resides,7
pixel,5
restrict,8
Micro,5
WindowBuilder,13
being,5
precedes,8
decisions,9
c.,2
Box.createVerticalGlue,22
step,4
Processing,10
working,7
literally,9
logview,7
Multiple,8
tree,4
ends,4
relented,8
Prints,6
notifies,8
measurements,12
yes,3
available,9
handles,7
parametrized,12
error-page,10
party,5
sentence,8
JSP,3
gist,4
ArrayIndexOutOfBounds,21
belonging,9
days,4
System.in,9
moves,5
A,1
Path,4
reduce,6
apps,4
uppercase,9
edit,4
23,2
overall,7
provide,7
SOLVED,6
devices,7
editors,7
HERE,4
compares,8
jayway,6
omitted,7
======================,22
Window,6
C,1
1.2,3
REST,4
occured,7
browser,7
simplified,10
ints,4
//download.eclipse.org/eclipse/updates/4.9-P-builds,51
txt,3
enforced,8
less-or-more,12
performance,11
substituted,11
Versus,6
Standard,8
20~21,5
four,4
content,7
JayWay,6
even,4
supertype,9
directed,8
underline,9
bug,3
Literals,8
common,6
Particularly,12
minimum,7
else,4
notify,6
offered,7
sharing,7
theory,6
crux,4
succeeds,8
JAR,3
sides,5
./lib/logview.jar,17
resisted,8
Row,3
System.out.prtinln,18
specialized,11
AAA,3
fit,3
enormous,8
regarding,9
fix,3
attribute,9
milliseconds,12
acknowledge,11
tools,5
few,3
harnessing,10
services,8
Thymeleaf,9
Linux,5
somebody,8
exchange,8
save,4
short,5
anotherReferenceToTheSamePersonObject,37
rather,6
overridden,10
strict,6
shout,5
Bill,4
Testing,7
mostly,6
leaks,5
frameworks,10
duplicates,10
to/from,7
Intel,5
dependant,9
Using,5
to,2
internally,10
Redefining,10
rx-java,7
minor,5
considered,10
descend,7
released,8
Arnold,6
Esko,4
String,6
bytes,5
setup,5
former,6
consists,8
grab,4
pascal,6
GridLayout.setVgap,18
diagnosing,10
go,2
exceptions,10
Person,6
never,5
combination,11
table,5
hashCode,8
JTextField,10
usually,7
is-a,4
LF,2
Warm,4
StringBuilder,13
determine,9
reasons,7
document,8
Close,5
advice,6
?,1
ArrayUtils.toString,19
hope,4
Reference,9
query,5
results,7
Rather,6
Scriptlets,10
should,6
Manipulated,11
importantly,11
Lists,5
1,1
generating,10
Their,5
Product,7
bet,3
Reader,6
shows,5
AndroidMainifest,16
filters,7
choosing,8
map,3
Ref2Foo,7
arguments,9
i.e,3
touch,5
throw,5
filling,7
someone,7
FlowLayout.getVgap,18
increase,8
've,3
contracts,9
RohitJain,9
serialize,9
FormLayout,10
alt+inset,9
context,7
250,3
PRIMITIVES,10
proportions,11
contractor,10
nice,4
bendicott,9
brittle,7
ImageFetch.java,15
//square.github.io/picasso/,27
8.,2
confuse,7
body,4
chars,5
consequences,12
not,3
To,2
progress,8
initializations,15
snippets,8
Firebase,8
call-by-reference,17
enter,5
phase,5
genson,6
measure,7
freely,6
history,7
And,3
paper,5
school,6
i.e.,4
foo=new,7
jdk,3
war,3
suspect,7
what,4
called,6
empty-like,10
noticed,7
unique,6
English,7
Nothing,7
time.Go,7
5-10,4
[,1
collect/analyze,15
leads,5
outcome,7
array1,6
AsyncTaskLoaders,16
stretched,9
GridBagConstraints.insets,25
although,8
pasting,7
MyString,8
demonstrate,11
files,5
Machine,7
secondNumber,12
reader,6
Maintainability,15
benchmarks,10
UTF-8,5
harness,7
interaction,11
begin,5
pre,3
resized,7
samples,7
Whereas,7
Joel,4
screen,6
novice,6
Locate,6
Successfully,12
service,7
setToNil,8
default,7
mean,4
context.xml,11
subject,7
posting,7
gc,2
XML,3
framework,9
TurboBoost,10
'white,6
redisplaying,12
maintained,10
simplify,8
use-case,8
reassigning,11
creating,8
connected,9
architectural,13
ebook,5
jgoodies,8
minimal-json,12
transform,9
4.5,3
but,3
java.util.Scanner,17
program,7
null,4
ObjectType,10
put,3
structuring,11
thread,6
Version,7
star,4
More,4
ways,4
JDK1.8,6
opinions,8
track,5
Pass-by-value,13
actions,7
num2=321,8
primitive,9
Compile,7
//source.android.com/devices/tech/debug,39
Common,6
in,2
principles,10
IO,2
thing,5
personal,8
throughput,10
after,5
shorter,7
tried,5
chaff,5
hair,4
ideally,7
List,4
Array,5
Java-esque,10
allowed,7
prevent,7
likely,6
in-line,7
Click,5
internet,8
satisfy,7
broad,5
child2,6
used,4
mammals,7
consumer,8
ScheduledThreadPoolExecutor,27
2007,4
post,4
seemingly,9
completely,10
crucial,7
final,5
parallel,8
representing,12
abstracted,10
task,4
understood,10
JFrame.pack,11
speaks,6
Desktop,7
pack/unpack,11
reflected,9
sample,6
compile,7
forgot,6
pre-generics,12
raise,5
bigger,6
together,8
Cat,3
transaction,11
badly,5
area,4
has,3
discussed,9
Technically,11
Your,4
would,5
transforms,10
Think,5
keeps,5
seeing,6
Pools,5
locally,7
break,5
annotations,11
end-users,9
nobody,6
wide,4
unfamiliar,10
bugs,4
types.Why,9
noise,5
reported,8
debate,6
pass-by-value.Unfortunately,27
Handler,7
offending,9
scanning,8
delimiter,9
onBackPressed,13
interfaces,10
solid,5
CardLayout,10
core,4
Getting,7
checking,8
does,4
switch,6
Add,3
JsonNode,8
modifies,8
reifiable,9
Further,7
concrete,8
drop,4
perform,7
non-static,10
Reusability,11
event-based,11
s1,2
network,7
Object.toString,15
–,1
Sun,3
ion,3
comparisons,11
our,3
scroll,6
serious,7
interns,7
Establish,9
reverseArray,12
Overflow,8
pitfalls,8
bufferedReader,14
latest,6
primitive-type,14
modeless,8
etc.,4
alternate,9
structures,10
tons,4
BANG,4
source-,7
inherit,7
movable,7
opensource,10
resume,6
stop,4
value,5
frame,5
Component,9
2020,4
restart,7
mt,2
CPUs,4
Vanilla,7
vs.,3
efficient,9
hand,4
deals,5
too,3
covariant,9
keeping,7
Change,6
Exception,9
for,3
flexible,8
confront,8
concise,7
by-sa,5
incorrect,9
JPanelor,8
cut,3
Proably,7
DOCS,4
local,5
ask,3
Features,8
semicolon,9
Canvases,8
Tell,4
Fido,4
location,8
formal,6
optimizations,13
reference.Finally,17
course,6
meaning,7
debugger,8
appends,7
super-helpful,13
constructs,10
dangerous,9
Regards,7
9,1
covered,7
fromJson,8
bean.method,11
//stackoverflow.com/a/42899766/1024412,38
GPS,3
traversing,10
namely,6
ADB,3
events,6
BEFORE,6
complete,8
checkout,8
modify,6
readable,8
AndroidStudio,13
equals,6
Bad,3
javac,5
handled,7
will,4
Automatically,13
code/logic,10
disconnecting,13
'in,3
Coroutines,10
0x100234,8
FILO,4
Mechanisms,10
Likewise,8
practical,9
UI,2
Jframes,7
specify,7
https,5
interfere,9
makers,6
conversion,10
pointers,8
1986,4
Normal,6
answers,7
happily,7
throwing,8
Specifications,14
replaces,8
drove,5
Annotations,11
issues,6
sections,8
editing,7
value-and,9
coupling,8
application,11
Intent,6
times,5
people,6
intervals,9
android.os.NetworkOnMainThreadException,39
cached,6
freedom,7
Eclipse,7
Alternatively,13
carries,7
utility,7
frame/multiple,14
BorderLayoutManager,19
guy,3
Activity,8
mTextView,9
wrapp,5
add,3
raised,6
Hashmap,7
Stack,5
Log,3
declared,8
Bar,3
TrumpIsPresidentException,25
position,8
make,4
entry,5
N-1,3
models,6
basic,5
Stream.collect,14
notified,8
rows,4
*,1
Popup,5
compatible,10
oncreate,8
Submit,6
Microsoft,9
desired,7
taglibs,7
longer,6
MessageQueue,12
bothered,8
gone,4
onCreate,8
this,4
later,5
bordersof,9
learn,5
concept,7
obscure,7
exists,6
sensitivity,11
why,3
Andrew,6
better,6
limitation,10
consumed,8
eachother,9
auto,4
macros,6
absolute,8
s.,2
string1,7
delimiters,10
Integer,7
",2D",3
refer,5
display,7
com.koushikdutta.ion,20
behave,6
resorting,9
main,4
Naturally,9
initialize,10
counter++,9
Runnable,8
lines,5
clearing,8
feature,7
That,4
elements,8
problems,8
An,2
somewhere,9
'S,2
hangs,5
omnipresent,11
java.io.InputStream,19
disabled,8
EmptyBorder,11
Oracle,6
ZPT,3
settles,7
procedure,9
c++,3
upto,4
calling,7
development.Make,16
Vaadin,6
background,10
-1,2
place,5
vice,4
disallowed,10
bottem,6
WebContent,10
well,4
JSPs,4
StackOverflow,13
Capturing,9
Subtyping,9
getValues,9
dimensions,10
useful,6
i++,3
currecy,7
someway,7
direct,6
if,2
3,1
seen,4
seem,4
getUrl,6
deemed,6
definition,10
Now,3
non-generic,11
Main,4
software,8
Specialising,12
Buggy,5
Class,5
someDog,7
permgen,7
RssReader,9
stopped,7
2.0-style,9
javadoc,7
vector,6
hidden,6
Scanners,8
support,7
raw,3
Handy,5
consumes,8
Nitpicking,10
operation,9
occur,5
Max,3
Lcom.foo.Person,15
IIOP,4
Book,4
N,1
Painless,8
advantages,10
strongly,8
500,3
Address,7
fatal,5
extends,7
equivalence,11
process,7
rest,4
JVM,3
outdated,8
Faces,5
whatever,8
dictates,8
rectify,7
email,5
related,7
suppose,7
architecture,12
consume,7
benchmarked,11
RuntimeException,16
relations,9
Null-object,11
subtyping,9
changes,7
ignorance,9
rates,5
happy,5
front,5
gradlew,7
Systems,7
X,1
Key,3
cores,5
typo,4
tag,3
importing,9
think,5
discipline,10
variation,9
unit,4
perfectly,9
allowing,8
Hello,5
sorts,5
AsyncTasks,10
poster,6
understanding,13
Specification,13
so,2
XHTML,5
attempting,10
redefined,9
DesignGridLayout,16
url-pattern,11
treat,5
nested,6
's,2
wo,2
experience,10
Already,7
sensitive,9
exits,5
Changes,7
certain,7
difficulties,12
failed,6
LayoutManagers,14
columns,7
from,4
suggest,7
depends,7
midst,5
confused,8
CursorLoader,12
executers,9
decade,6
behavior,8
buid.gradle,11
loops,5
Integer.parseInt,16
technology,10
inline,6
corresponds,11
pnt2,4
Configuration,13
customers,9
look-and-feel,13
updated,7
greater,7
JDesktopPane,12
polymorphic,11
note,4
@,1
Not,3
trust,5
pnt1,4
String.contentEquals,20
going,5
breaks,6
previously,10
someString,10
hopefully,9
numberArray,11
storing,7
handling,8
returning,9
Important,9
Closed,6
years,5
about,5
licensed,8
throws,6
signifies,9
isn't-a,7
DSM,3
ignore,6
managers,8
compiling,9
killing,7
back,4
point,5
90,2
supporting,10
NullPointerExceptions,21
crashing,8
LayoutManager,13
Thought,7
select,6
nowadays,8
positive,8
=name.length,12
latter,6
These,5
asks,4
loop,4
puzzlement,10
Incorrect,9
decide,6
viewer,6
inserting,9
separate,8
non-string,10
parse,5
portability,11
defined,7
real,4
share,5
feel,4
jInternalFrame,14
aware,5
IDEHelp,7
against,7
getSize,7
jsonString,10
detail,6
another,7
ideas,5
types/objects,13
endpoint,8
knows,5
multi-project,13
superclass,10
engines,7
powerful,8
\uxxxx,6
disorganized,12
time/iteration,14
benchmarking,12
BorderLayout.setVgap,20
Owner,5
sub-project,11
Most,4
Defining,8
mimic,5
mark,4
'JButtonfor,11
unnoticed,9
sooner,6
NetworkOnMainThreadException,28
algorithms,10
nicely,6
insert,6
eclipse,7
RequestQueue,12
rid,3
;,1
test,4
indicator,9
sub-objects,11
xml,3
Several,7
daunting,8
examine,7
maintainable,12
T,1
end,3
========================,24
Python,6
pass-by-value,13
enum,4
Can,3
constant,8
leaves,6
],1
toElegantReport,15
addresses,9
behaviors,9
//square.github.io/retrofit/,28
NETWORK,7
composed,8
triggers,8
format,6
console,7
cascade,7
middle,6
months,6
title,5
actual,6
potato,6
phases,6
