Length,Tokens
10,"['approaches', 'reasonable', 'observable', 'respective', 'architects', 'ISO-8859-1', 'consisting', 'philosophy', 'regardless', 'understand', 'differenty', 'evaluation', 'containers', 'Experience', '-unchecked', 'presenting', 'underlined', 'relatively', 'Benchmarks', 'unexpected', 'developers', 'JsonObject', 'mysterious', 'down-sides', 'historical', 'Google-Api', 'Observable', 'Workaround', 'methodMost', 'genericity', 'convention', 'attributes', 'inherently', 'collection', 'convenient', 'optimizing', 'repeatable', 'optimistic', 'personally', 'explaining', 'allocation', 'zero-based', 'OO-ability', 'mutability', 'translated', 'quick-json', 'zacherates', 'printed.If', 'decoupling', 'proponents', 'discussing', 'References', 'suppresses', 'developing', 'transverse', 'requesting', 'conclusion', 'performing', 'scriptlets', 'discarding', 'whitespace', 'thecorrect', 'retrieving', 'Exceptions', 'input.next', 'resolution', 'variations', 'Identifier', 'preferable', 'accessible', 'fooString1', 'functional', 'manipulate', 'themselves', 'separation', 'management', 'websitefor', 'ImageCache', 'descendant', 'Freemarker', 'eliminated', 'foreground', 'operations', 'configured', 'javax.json', 'executable', 'strategies', 'simplicity', 'indicating', 'JSplitPane', 'quadrapeds', 'originated', 'appropiate', 'everything', 'fullworthy', 'Controller', 'JSONObject', 'PassByCopy', 'constitute', 'heuristics', 'somestring', 'mistakenly', 'JavaScript', 'individual', 'pre-assign', 'freeMarker', 'programmer', 'changeName', 'Personally', 'designated', 'Underlying', 'recommends', 'assignment', 'connection', 'references', 'referenced', 'customized', 'invocation', 'controller', 'identifier', 'preloading', 'mechanisms', 'preemptive', 'explicitly', 'cause.Here', 'Cimadamore', 'templating', 'Overridden', 'difference', 'comparison', 'reasonably', 'interested', 'motivation', 'neccessary', 'restricted', 'processing', 'ArralyList', 'GridLayout', 'idea.thank', 'stack/heap', 'underneath', 'targetting', 'separators', 'illustrate', 'Homoglyphs', 'Permission', 'acceptable', 'reflection', 'Stacktrace', 'confusions', 'initialise', 'preprocess', 'Exception5', 'permission', 'JsonReader', 'implicitly', 'grid-based', 'components', 'definitely', 'descriptor', 'serialized', 'formatting', 'ultimately', 'logcat.txt', 'assumption', 'Presumably', 'overriding', 'ScanReader', 'extensible', 'converting', 'Collection', 'noticeable', 'Properties', 'techniques', 'eventually', 'duplicated', 'class-load', 'criticized', 'Referenced', 'discovered', 'responding', 'down-voted', 'concession', 'leveraging', 'sufficient', 'guaranteed', 'applicable', 'commercial', 'homoglyphs', 'covariance', 'Comparison', 'reassigned', 'discussion', 'iterations', 'additional', 'breakpoint', 'java2s.tld', 'protecting', 'specifying', 'resistance', 'determined', 'displaying', 'autoboxing', 'irrelevant', 'subclasses', 'associated', 'particular', 'frustrated', 'presenters', 'FutureTask', 'equivalent', 'dependency', 'deprecated', 'thrown.The', 'annotation', 'eachJPanel', 'Down-sides', 'percentage', 'represents', 'absolutely', 'impossible', 'expression', 'NullLayout', 'expressive', 'JMenuItems', 'parameters', 'Components', 'increments', 'Horizontal', 'contribute', 'short-term', 'impression', 'especially', 'mentioning', 'concurrent', 'instanceof', 'correction', 'properties', 'occurrence', 'activities', 'schedulers', 'apparently', 'implements', 'containing', 'webservice', 'complexity', 'networking', 'incomplete', 'validation', 'meaningful', 'introduced', 'situations', 'Absolutely', 'successful', 'Expression', 'structured', 'disconnect', 'horizontal', 'FlowLayout', 'characters', 'invariance', 'statements', 'System.out', 'primitives', 'extensions', 'vertically', 'Definitely', 'stacktrace', 'Processing', 'error-page', 'simplified', 'harnessing', 'overridden', 'frameworks', 'duplicates', 'internally', 'Redefining', 'considered', 'diagnosing', 'exceptions', 'JTextField', 'Scriptlets', 'generating', 'FormLayout', 'PRIMITIVES', 'contractor', 'empty-like', 'benchmarks', 'TurboBoost', 'maintained', 'ObjectType', 'principles', 'throughput', 'Java-esque', 'completely', 'abstracted', 'understood', 'transforms', 'unfamiliar', 'interfaces', 'CardLayout', 'non-static', 'structures', 'opensource', 'constructs', 'traversing', 'code/logic', 'Coroutines', 'Mechanisms', 'conversion', 'compatible', 'limitation', 'delimiters', 'initialize', 'background', 'disallowed', 'WebContent', 'dimensions', 'definition', 'Nitpicking', 'advantages', 'discipline', 'AsyncTasks', 'attempting', 'experience', 'technology', 'previously', 'someString', 'supporting', 'puzzlement', 'non-string', 'jsonString', 'superclass', 'algorithms']"
70,['//www.mkyong.com/java/how-to-convert-java-object-to-from-json-jackson/']
1,"['8', '0', '#', 'p', 'a', '_', '“', ""'"", 'I', '{', 'd', '%', 'x', '6', '/', 'f', 'E', '&', '5', 'c', 'Q', 'o', 'b', ')', '^', 'i', '©', '>', '”', '(', '-', '$', '’', ',', 'R', '`', 'n', '.', 'j', '7', '—', '…', 't', '=', '2', '4', '}', 'u', '<', '+', ':', '!', 'B', 'e', 's', 'A', 'C', '?', '1', '[', '–', '9', '*', '3', 'N', 'X', '@', ';', 'T', ']']"
5,"['comma', 'Point', 'folks', 'Hence', 'Model', '6.5~7', 'There', 'Check', 'until', 'spell', 'World', 'Below', 'heavy', 'focus', 'calls', 'rules', 'Given', 'stems', 'sends', 'equal', 'agile', 'Java8', 'James', 'Quick', 'logic', 'catch', 'token', 'worth', 'finds', 'magic', 'light', 'level', 'Parse', 'model', 'types', 'Again', 'water', 'Debug', 'name=', 'WRONG', 'Drops', 'match', 'Value', 'arise', 'clear', 'whose', 'Forms', 'first', 'boxes', '2.6.5', 'panes', 'space', 'javap', 'Swing', 'tasks', 'debug', ""'good"", 'ASCII', 'Test2', 'MyApp', 'holds', 'Mbyte', 'names', 'speed', 'Start', 'ABOUT', 'menus', 'sizes', 'Quite', 'meant', ""'Save"", 'vital', 'shall', 'loads', 'error', 'cover', 'Terms', 'Throw', 'cared', 'drawn', 'myDog', 'using', 'legal', 'swing', 'panel', 'First', 'Stuff', 'chain', 'quote', 'makes', 'waste', 'clock', 'areas', 'worse', 'stack', 'Front', 'worry', 'trick', 'fully', 'image', 'tests', 'press', 'whole', 'hence', 'solve', 'guess', 'yours', 'seems', 'depth', 'third', 'color', 'guide', 'force', 'Beans', 'parts', 'jsonp', 'Log.e', 'thier', 'bunch', 'Merry', 'skips', 'facts', 'start', 'major', 'right', 'clean', 'liked', 'claim', 'wheat', 'view-', 'paste', 'tough', 'costs', 'doGet', 'inner', 'noted', 'param', 'cites', 'mater', 'plays', 'amigo', 'Input', 'ENTER', 'store', 'wrote', '1.6.6', 'taken', 'three', 'bound', 'speak', 'saves', 'ought', 'pages', 'click', 'these', 'blows', 'trees', 'sugar', 'Other', 'style', 'beans', 'Bravo', '.java', 'state', 'users', 'Print', 'Brian', 'stuck', 'named', 'Thank', 'shift', 'ratio', 'words', 'while', 'looks', 'Doing', 'close', 'again', 'based', 'Excel', 'false', 'thumb', 'maven', 'given', 'While', 'Rules', 'handy', 'View-', 'FALSE', 'Enter', 'versa', 'plank', 'links', 'Third', 'basis', 'Teams', 'where', 'cases', 'every', 'modal', '.push', 'Would', 'prior', 'Never', 'write', '8.4.1', 'Turbo', 'super', 'issue', 'shiny', 'early', '2.2.2', 'often', 'shape', 'comes', 'heard', 'shown', 'micro', 'route', 'exist', 'trace', 'lists', 'Plain', 'large', 'since', 'those', 'input', 'alias', 'Crash', 'event', 'stuff', ""'name"", 'frees', 'gives', 'wants', 'Log.d', 'Pages', 'modes', 'among', 'stiff', 'avoid', 'casts', 'still', 'Every', 'extra', 'Where', 'fails', 'older', 'apply', 'wrong', 'quite', 'offer', 'sonar', 'plain', 'block', 'forum', 'steps', 'Fewer', 'talks', 'ready', 'Going', 'Paste', 'upper', 'order', 'below', 'popup', 'piece', 'fetch', 'nulls', 'queue', 'total', 'David', 'reach', 'under', 'small', 'maybe', 'ended', 'alive', 'C/C++', 'twice', 'Cause', 'Which', 'their', 'SSCCE', 'saved', 'jazzy', 'Error', 'Avoid', 'fixed', 'Learn', 'class', 'newly', 'Enjoy', 'chose', 'Trace', 'along', 'views', 'label', 'could', 'smile', 'honor', 'Maybe', 'After', 'safer', 'NEVER', 'Press', 'Civil', 'enums', 'white', 'react', '223rd', 'delay', 'Layer', 'agree', 'world', 'cache', 'erase', 'added', 'usual', 'scope', 'Since', 'above', 'empty', 'range', 'Build', 'terms', 'units', 'opted', 'harry', 'other', 'NOTES', 'About', 'there', 'found', 'works', 'helps', 'XPath', 'needs', 'Skeet', ""'Pass"", 'video', 'items', 'Force', 'Maven', 'bears', 'quick', 'lives', 'Files', 'check', 'build', 'ahead', 'quiet', 'child', 'threw', 'spare', 'valid', 'doing', 'exact', 'which', 'stock', 'layer', 'turns', 'tells', 'stops', 'kinds', 'Sonar', 'Stick', 'might', 'stick', 'means', 'holes', 'array', 'lends', 'Right', 'posts', 'ships', 'field', 'known', 'x.x.x', 'codes', 'brace', 'reads', 'mixed', 'index', 'Embed', 'takes', 'Goetz', 'copys', 'crash', 'allow', 'binds', 'adopt', 'paths', 'Saves', 'usage', 'tries', 'alt+6', 'Frame', 'print', 'a.k.a', '.They', 'hours', 'birth', 'hints', 'cause', 'Specs', 'count', 'Guava', 'urban', 'great', '4.1.2', 'least', 'began', 'reset', 'power', 'topic', 'sense', ""'pass"", 'pixel', 'Micro', 'being', 'party', 'moves', '20~21', 'sides', 'tools', 'Linux', 'short', 'shout', 'leaks', 'Intel', 'Using', 'minor', 'bytes', 'setup', 'never', 'table', 'Close', 'query', 'Lists', 'Their', 'shows', 'touch', 'throw', 'chars', 'enter', 'phase', 'paper', 'leads', 'files', 'UTF-8', 'begin', 'ebook', 'track', 'thing', 'after', 'tried', 'chaff', 'Array', 'Click', 'broad', 'final', 'raise', 'badly', 'would', 'Think', 'keeps', 'Pools', 'break', 'noise', 'solid', 'value', 'frame', 'deals', 'by-sa', 'local', 'javac', 'https', 'drove', 'times', 'wrapp', 'Stack', 'entry', 'basic', 'Popup', 'later', 'learn', 'refer', 'lines', 'hangs', 'place', 'Buggy', 'Class', 'Handy', 'occur', 'fatal', 'Faces', 'email', 'rates', 'happy', 'front', 'cores', 'think', 'Hello', 'sorts', 'XHTML', 'treat', 'exits', 'midst', 'loops', 'trust', 'going', 'years', 'about', 'point', 'These', 'parse', 'share', 'aware', 'ideas', 'knows', 'Owner', 'mimic', 'title']"
3,"['The', 'Let', 'Use', 'how', 'var', 'Box', 'pop', 'box', 'TAG', 'gui', 'Ok.', 'etc', 'You', 'str', '2.x', 'get', ""n't"", 'can', 'URL', 'Yea', 'How', 'baz', 'out', 'Two', 'tar', 'top', 'Top', 'lib', 'jsp', 'For', 'ids', 'obj', 'jar', 'bar', 'all', 'JDK', 'its', 'one', 'jmh', 'HTH', 'Jon', '0-4', 'IDE', '1.5', 'say', 'let', 'off', 'aid', '2.1', 'bit', 'big', '2.0', 'Xms', 'lot', 'ADD', 'RMI', '5.0', 'Tag', '125', 'was', '.==', 'int', 'Try', 'New', 'as-', 'ptr', 'See', 'use', '6or', 'foo', ""N'T"", 'C++', '...', 'tmp', 'Ken', 'mt2', '0px', 'are', 'Foo', 'Rob', 'way', 'PDF', 'Run', '\\\\R', '353', 'XSS', 'mt1', 'ONE', 'NPE', '100', 'Yay', 'and', 'All', 'RAM', 'who', 'ALT', 'Way', 'yet', '3rd', 'bin', 'JSR', 'had', 'Ada', 'row', '===', '4th', 'aka', 'EE7', 'JLS', 'adb', 'num', 'Out', 'you', 'did', 'NOT', 'OOP', 'Old', 'App', 'gap', '4.6', 'web', 'lay', 'jzd', 'now', 'Hey', 'key', '-XX', 'tab', 'two', '3.0', 'dev', 'SQL', 'per', 'run', 'Inc', 'GWT', 'pom', 'Hah', 'cat', 'pay', 'low', 'Dog', 'app', 'arr', 'pos', 'PHP', 'Ant', 'Xmx', 'new', 'set', 'met', 'nil', 'ton', 'UIs', '0,0', 'may', '7,8', 'via', ""'re"", 'age', '1.x', 'try', 'rev', 'BTW', 'Put', 'CLU', '4.8', 'sql', ""'ll"", 'THE', 'far', 'own', 'Bob', 'ran', 'dog', 'log', 'mix', 'E.g', 'TAL', '2nd', 'man', 'job', 'OSR', '9th', 'One', 'non', 'EAX', 'hex', 'ANR', 'JMH', 'LOG', 'max', 'Raw', 'JSF', 'Yes', 'tld', 'MDI', 'CPU', 'bad', 'Any', 'she', 'got', 'I/O', 'P.S', 'GUI', 'But', 'CSS', 'ago', 'odd', 'Set', '234', 'RSS', 'Lee', 'die', 'inn', 'red', 'the', 'e.g', 'n-1', 'any', 'API', 'due', 'SDK', 'old', 'MVC', 'Are', 'his', 'see', 'Why', 'tom', 'SAP', '1.4', 'SDI', 'BBB', 'Did', 'yes', 'JSP', '1.2', 'txt', 'bug', 'JAR', 'Row', 'AAA', 'fit', 'fix', 'few', 'bet', 'map', 'i.e', ""'ve"", '250', 'not', 'And', 'jdk', 'war', 'pre', 'XML', '4.5', 'but', 'put', 'Cat', 'has', 'Add', 'Sun', 'ion', 'our', 'vs.', 'too', 'for', 'cut', 'ask', 'GPS', 'ADB', 'Bad', ""'in"", 'guy', 'add', 'Log', 'Bar', 'N-1', 'why', ',2D', 'ZPT', 'c++', 'i++', 'Now', 'raw', 'Max', '500', 'JVM', 'Key', 'tag', 'Not', 'DSM', 'rid', 'xml', 'end', 'Can']"
4,"['uses', 'Hope', 'cons', 'tabs', 'meet', 'wish', 'tell', 'draw', 'look', 'them', 'went', 'gave', 'push', 'much', 'Data', 'zoom', 'Work', 'only', 'SOME', 'Tags', 'blog', 'Pros', 'Pass', 'mind', 'been', 'kind', 'live', 'Very', 'term', 'time', 'libs', 'With', 'kept', 'lays', 'goal', 'rule', 'Sure', 'dogs', 'HTTP', 'wise', 'Show', 'vGap', 'left', 'like', 'flat', 'more', 'know', 'hint', 'tier', 'Gson', 'jdk7', 'part', 'yaml', 'Page', 'gson', 'mood', 'true', 'name', 'Such', 'lock', 'Gaps', 'sync', 'Then', 'docs', 'OGNL', 'seed', 'pure', 'made', 'type', 'data', 'hack', 'than', 'base', 'text', 'glue', 'menu', 'some', 'done', 'John', 'nada', '....', 'Tips', 'user', '-tvf', 'Item', 'Case', 'blew', 'call', 'EviL', 'spot', 'cats', 'most', 'quit', 'need', 'NOTE', 'Null', 'Look', 'Will', 'temp', 'over', 'Full', 'must', 'Also', 'LOVE', 'Lets', 'move', 'idea', 'feed', 'evil', 'demo', 'huge', 'ReST', 'rely', 'TLDR', 'tens', 'many', '47th', 'says', 'bind', 'GSON', 'talk', 'hGap', 'pass', 'tags', 'Boro', 'Good', 'book', 'keep', 'fine', 'aims', 'mode', 'code', 'give', 'plus', 'logs', 'said', 'Post', 'then', 'long', 'down', 'Open', 'blue', 'none', 'gaps', 'find', 'site', 'Down', 'copy', 'form', 'SAME', 'scan', 'Zope', 'lump', 'open', 'Step', 'late', 'gets', 'pane', 'case', 'slow', 'maps', 'bite', 'okay', 'line', 'Paul', 'java', 'deal', 'shed', 'e.g.', 'told', 'item', 'JSON', 'Make', 'safe', 'JDK7', 'lots', 'fast', '.tag', 'void', 'port', 'have', 'nest', '3.45', 'sent', 'show', 'Bear', 'dick', 'join', 'spec', 'lies', 'Okay', 'Size', 'fact', 'they', 'goes', 'grow', 'str1', 'take', 'swap', 'APIs', 'less', 'HTML', 'page', 'Edit', 'away', 'Call', 'turn', ""'var"", 'Many', 'tail', ':run', 'OTOH', 'work', 'load', 'TRUE', 'ever', 'came', 'care', '1.5+', 'JVMs', 'Flow', 'once', 'lose', 'Tale', 'when', 'size', 'a==b', 'What', 'help', 'LINK', 'Read', 'ones', 'held', 'pros', 'fits', 'pull', 'jars', 'free', '2001', 'just', 'read', 'hate', 'fill', 'link', 'next', 'sign', 'sort', 'heap', 'soon', 'pick', 'thus', 'file', 'risk', 'View', '\\r\\n', 'Some', 'easy', 'hehe', 'Maxx', 'heck', 'font', 'Each', 'last', 'neat', 'Note', 'runs', 'They', 'rock', 'full', 'Sets', 'http', 'luck', 'Fifi', 'upon', 'word', 'each', 'keys', 'took', 'stay', 'lack', 'util', 'side', 'Alex', 'week', 'junk', 'Pain', 'POJO', 'very', 'skip', 'hear', 'Same', 'XSLT', 'plan', 'Well', 'puts', 'life', 'hard', 'NULL', 'Like', 'Json', 'also', 'laid', 'such', 'Here', 'Name', 'wire', 'hold', 'cell', 'balk', 'Type', ""'ptr"", 'arg1', 'Foos', 'into', 'icon', '.BTW', 'were', 'pain', 'JSTL', '.But', 'char', 'logo', 'arg2', 'Just', 'SOAP', 'Thus', 'Test', 'with', '2006', 'fail', 'Text', 'aDog', 'list', 'lead', 'rare', 'pool', '2005', 'your', 'Even', 'view', 'path', 'lets', 'send', 'Want', 'json', 'bits', 'Duck', 'here', 'Rule', 'Life', 'UCSD', 'play', '.NET', 'tips', 'that', 'both', 'THAT', 'Have', 'Spec', 'high', 'want', 'best', 'devs', 'onto', 'same', 'WORK', 'tool', 'Back', 'ugly', 'User', 'miss', 'DOES', 'Best', 'good', 'zero', 'From', '64GB', 'Ways', 'hgap', 'When', 'flow', 'File', 'Code', 'Java', 'IDEs', 'come', 'flag', 'Next', '1974', 'Done', 'warn', 'This', 'Last', 'able', 'wife', 'Mary', 'grid', 'sure', 'byte', 'EDIT', 'cast', 'holy', 'Lang', 'Core', 'sake', 'Take', 'cant', 'root', 'sole', 'Live', 'sets', 'str2', 'kill', 'step', 'tree', 'ends', 'gist', 'days', 'Path', 'apps', 'edit', 'HERE', 'REST', 'ints', 'four', 'even', 'else', 'crux', 'save', 'Bill', 'Esko', 'grab', 'is-a', 'Warm', 'hope', 'nice', 'body', 'i.e.', 'what', '5-10', 'Joel', 'mean', 'null', 'star', 'More', 'ways', 'hair', 'List', 'used', '2007', 'post', 'task', 'area', 'Your', 'wide', 'bugs', 'core', 'does', 'drop', 'etc.', 'tons', 'BANG', 'stop', '2020', 'CPUs', 'hand', 'DOCS', 'Tell', 'Fido', 'will', 'FILO', '1986', 'make', 'rows', 'gone', 'this', 'auto', 'main', 'That', 'upto', 'vice', 'well', 'JSPs', 'seen', 'seem', 'Main', 'IIOP', 'Book', 'rest', 'typo', 'unit', 'from', 'pnt2', 'note', 'pnt1', 'back', 'asks', 'loop', 'real', 'feel', 'Most', 'mark', 'test', 'enum']"
7,"['Loosely', 'failure', 'removes', '-Xbatch', 'Chapter', 'express', 'matured', 'explain', 'outside', 'DOM/SAX', 'retrive', 'created', 'warning', 'stricly', 'essence', 'discuss', 'quality', 'finally', 'topmost', 'Replace', 'matches', 'observe', 'towards', 'college', 'broader', 'operate', 'boolean', 'builtin', 'Latin-1', 'clutter', ""'String"", 'because', 'mention', 'checked', 'JFrames', '-server', 'convert', 'strings', 'enforce', 'anymore', 'removed', 'options', 'remains', 'outputs', 'walking', 'Message', 'indexed', 'telling', 'average', 'Besides', 'verbose', 'Animals', 'Passing', 'Section', 'started', 'returns', 'invoker', 'animals', 'thought', 'notable', 'puppies', 'HotSpot', 'Keeping', 'occur.I', 'Usually', 'loading', 'presses', 'expands', 'Suppose', 'if/when', 'Verbose', 'consist', 'general', 'generic', 'numbers', 'summary', 'copying', 'windows', 'creates', 'subtype', 'comment', 'running', 'caching', 'tempted', 'garbage', '.length', 'further', 'offload', 'placing', 'control', 'pre-set', 'jackson', 'resolve', 'Spacing', 'Filters', 'figures', 'message', 'android', 'written', 'briefly', 'graphic', 'divider', 'WYSIWYG', 'googled', 'Notable', 'Trouble', 'systems', 'article', 'highest', 'Problem', 'logical', 'favours', 'buttons', 'request', 'scanner', 'Related', 'pointed', 'usefull', 'command', 'entries', 'develop', 'Account', 'pointer', 'whereas', 'include', 'various', 'printed', '.equals', 'iterate', 'brought', 'dealing', 'chained', 'erasure', 'defines', 'derived', 'servlet', 'initial', 'combine', 'picture', 'complex', 'Others-', 'Virtual', 'between', 'problem', 'Readers', 'Strings', 'heading', 'number2', 'Garbage', 'Looking', 'Believe', 'missing', 'ancient', 'already', 'trivial', 'changed', 'Setting', 'machine', 'correct', 'require', 'Android', 'mundane', 'roughly', 'amazing', 'illegal', 'confirm', 'threats', 'symbols', 'finding', 'perfect', 'catches', 'ability', 'imports', 'Boolean', 'screens', 'usecase', 'classic', 'objects', 'threads', 'popular', 'profile', 'integer', 'reports', 'Erasure', '.stream', 'crashes', 'becomes', 'several', 'Instead', 'neither', 'present', 'classes', 'callers', '234jdid', 'mString', 'streams', 'chasing', 'nearest', 'layouts', 'account', 'ensures', 'Similar', 'nextFoo', 'backend', 'largest', 'perhaps', 'defense', 'methods', 'nothing', 'nowhere', 'num1=42', 'feeling', 'project', 'looping', '7.5~7.8', 'trouble', 'special', 'smaller', 'Gosling', '8.Check', 'achieve', 'doBody/', 'spektom', 'conveys', 'indices', 'opinion', 'opening', 'country', 'Toolkit', 'mindful', 'Barbara', 'scoping', 'Pointer', 'window-', 'attempt', 'variety', 'logging', 'appears', '1ad086a', 'Network', 'manager', 'Windows', 'unknown', 'orderly', 'Rebuild', 'Install', 'clarify', 'Acrobat', 'ignores', 'extract', 'setName', 'Parsing', 'GridBag', 'minutes', 'indexes', 'purpose', 'TALKING', 'stating', 'hitting', 'string2', '9,10,11', 'post_id', 'risking', 'treated', 'Commons', 'does/is', 'obvious', 'easiest', 'resizes', 'WebWork', 'runtime', 'useless', 'Nashorn', 'seconds', 'hassles', 'Release', 'Library', 'spacing', 'instead', 'OpenJDK', 'dismiss', 'newline', 'surface', 'applies', 'divided', 'effects', '-client', 'Perhaps', 'skipped', 'produce', 'without', 'whether', 'toolbar', 'reading', 'NPE.Can', 'studied', 'employs', 'aspects', 'needing', 'private', '.intern', 'affects', 'enables', 'Monitor', 'current', 'println', 'behaved', 'analogy', 'crashed', 'privacy', 'assigns', 'execute', 'friends', 'Without', 'sending', 'arg2.So', 'deepest', 'thrown1', 'attacks', 'excerpt', 'handler', 'reveals', 'version', 'compare', 'counter', 'wherein', 'behaves', 'encoded', 'pagePic', 'Buckley', 'minimal', 'literal', 'showing', 'joining', 'nextInt', 'Mapping', 'somehow', 'merging', 'undergo', 'talking', 'genesis', 'Student', 'desktop', 'Firstly', 'earlier', 'renders', 'solving', '.Object', 'wrapper', 'capable', 'Anyways', 'Servlet', 'closing', 'receive', 'diagram', 'Console', 'through', 'Summary', 'circles', 'however', 'Calling', 'forever', 'Pattern', 'element', 'holding', 'Because', 'monitor', 'onClick', 'example', 'storage', 'trigger', 'regular', 'recycle', 'loosing', 'putting', 'myarray', 'scratch', 'happens', 'Edition', 'buckets', 'creator', 'violate', 'setSize', 'at-sign', 'testing', 'causing', 'Scanner', 'setting', 'mapping', 'casting', 'nextXXX', 'snippet', 'drastic', 'typical', 'maximum', 'labeled', 'edition', 'Jackson', 'foreach', 'clicked', 'tedious', 'mudding', 'invoked', 'Inspect', 'advises', 'manages', 'Example', 'a==null', 'binding', 'parsing', 'borders', 'natural', 'session', 'declare', 'looking', 'java.io', 'massage', 'analyze', 'clocked', 'student', 'his/her', 'JDialog', 'web.xml', 'Karsten', 'JACKSON', 'cleaner', 'smarter', 'Devices', 'Johnson', 'visible', 'belongs', 'Classes', 'reverse', 'passing', 'others-', 'weather', 'reflect', 'arguing', 'Methods', 'believe', 'aliases', 'writing', 'Warning', 'balloon', 'website', 'exactly', 'clients', 'follows', 'contain', 'pattern', 'dialogs', 'Caliper', 'defacto', 'getting', 'package', 'hisName', 'JSR-353', 'drawAll', 'awesome', 'latency', 'However', 'halfway', 'limited', 'decided', 'Disable', 'Despite', 'invalid', 'trained', 'disable', 'avoided', 'viewers', 'Privacy', 'pom.xml', 'devoted', 'Project', '123hd7h', 'periods', 'Another', 'authors', 'section', 'sources', 'replace', 'fashion', 'revised', 'taskbar', 'Running', 'capture', 'Convert', 'Service', 'Observe', 'Finally', 'mistake', 'library', 'forming', 'simpler', 'stopthe', 'details', 'adapted', 'chapter', 'decodes', 'similar', '10385c1', 'mutable', 'dynamic', 'address', 'million', 'use.You', 'escapes', 'helpful', 'Popular', 'tweaked', 'driving', 'percent', 'keyword', 'success', 'JPanels', 'primary', 'abc.txt', 'Objects', 'modifie', 'benefit', 'Angular', 'careful', 'improve', 'ripping', 'clearly', 'willing', 'deliver', 'Looping', 'resides', 'working', 'logview', 'handles', 'overall', 'provide', 'devices', 'editors', 'omitted', 'occured', 'browser', 'content', 'minimum', 'offered', 'sharing', 'Testing', 'to/from', 'rx-java', 'descend', 'usually', 'reasons', 'results', 'Product', 'filters', 'Ref2Foo', 'filling', 'someone', 'context', 'brittle', 'confuse', 'measure', 'history', 'foo=new', 'suspect', 'noticed', 'English', 'Nothing', 'time.Go', 'outcome', 'pasting', 'Machine', 'harness', 'resized', 'samples', 'Whereas', 'service', 'default', 'subject', 'posting', 'program', 'Version', 'actions', 'Compile', 'shorter', 'ideally', 'allowed', 'prevent', 'in-line', 'satisfy', 'mammals', 'crucial', 'Desktop', 'compile', 'locally', 'Handler', 'Getting', 'Further', 'perform', 'network', 'serious', 'interns', 'source-', 'inherit', 'movable', 'restart', 'Vanilla', 'keeping', 'concise', 'Proably', 'meaning', 'appends', 'Regards', 'covered', 'handled', 'Jframes', 'specify', 'answers', 'happily', 'editing', 'freedom', 'Eclipse', 'carries', 'utility', 'Hashmap', 'desired', 'taglibs', 'concept', 'obscure', 'string1', 'Integer', 'display', 'feature', 'settles', 'calling', 'currecy', 'someway', 'someDog', 'permgen', 'stopped', 'javadoc', 'support', 'Address', 'extends', 'process', 'rectify', 'related', 'suppose', 'consume', 'changes', 'gradlew', 'Systems', 'Already', 'Changes', 'certain', 'columns', 'suggest', 'depends', 'updated', 'greater', 'storing', ""isn't-a"", 'killing', 'Thought', 'defined', 'IDEHelp', 'against', 'getSize', 'another', 'engines', 'eclipse', 'Several', 'examine', 'NETWORK', 'console', 'cascade']"
6,"['viable', 'parser', 'JFrame', 'impact', 'Volley', 'appear', 'Second', 'posted', 'Getter', 'fellow', 'lowest', 'cookie', 'counts', 'facing', 'panels', 'unable', 'spread', 'worker', 'source', 'closer', 'tuning', 'mixing', 'Genson', 'editor', 'server', 'result', 'adding', 'domain', 'Custom', 'Arbeit', 'Stream', 'prefer', 'costly', 'broken', 'bother', 'RxJava', 'across', 'Prefer', 'resize', 'error1', 'GitHub', 'extend', 'Import', 'points', 'engine', 'sneaky', 'passed', 'JavaSE', 'looked', 'erased', 'versus', 'Almost', 'Studio', 'litter', 'Logcat', 'online', 'apache', 'JTable', 'tested', 'ceases', 'slight', 'happen', 'Arrays', 'prints', 'formed', 'syndax', 'markup', 'Apache', 'Wicket', 'Looper', 'within', 'amount', 'update', 'visual', 'plates', 'fields', 'filter', 'nature', 'become', 'invoke', 'Filter', 'factor', 'access', 'wanted', 'Laying', 'beware', 'string', 'struts', 'Target', 'person', 'occurs', 'expect', 'stated', 'ticked', 'corner', 'errors', 'handle', 'saying', 'and/or', 'Module', 'sizing', 'Please', 'around', 'Jayway', 'coding', 'anyway', 'base64', 'bodies', 'Option', 'number', 'taglib', 'coming', 'family', 'doPost', 'Output', 'child3', 'belong', 'others', 'click-', 'except', 'Animal', 'change', 'follow', 'Policy', 'pretty', 'little', '3.10.5', 'Adjust', 'output', 'supply', 'Symbol', '§15.12', 'depend', 'gluing', 'loaded', 'Update', 'Reason', 'Dragon', 'entire', 'viewed', 'Lesson', 'differ', 'second', 'Though', 'enough', 'Lombok', 'period', 'search', 'unlike', 'delete', 'expand', 'choose', 'answer', 'remove', 'module', 'Anyway', 'posing', 'notice', ""'names"", 'paying', 'things', 'figure', 'plugin', 'member', 'Thread', '42\\r\\n', 'matter', 'Parent', 'harder', 'verify', 'easily', 'Method', 'forget', 'Build-', 'slider', 'Cookie', 'taking', 'subtle', 'helper', 'trying', 'really', 'beside', 'Access', 'blocks', 'finite', 'LogCat', 'Holmes', 'social', 'served', 'report', 'syntax', 'caller', 'single', 'window', 'travel', 'aspect', 'reason', 'Taking', 'asking', 'insets', 'schema', 'chosen', 'exerpt', 'though', 'Caused', 'logged', 'buffer', 'mapped', 'toJson', 'JPanel', 'typing', 'refers', 'offers', 'missed', 'shapes', 'Author', 'placed', 'design', 'helped', 'submit', 'lambda', 'sextet', 'detect', 'inject', 'create', 'bounds', 'Notice', 'inside', 'absorb', 'Verose', 'buried', 'having', 'almost', 'Indeed', 'Github', 'moment', 'static', 'Java-8', 'method', 'Layout', 'before', 'folder', ""'stack"", 'always', 'proper', 'copies', 'timing', 'expose', 'forced', 'onNext', 'sorted', 'robust', 'recent', 'legacy', 'Before', 'Invoke', 'array2', 'Reduce', 'Thanks', 'Mammal', 'People', 'random', 'varied', 'stream', 'merely', 'indeed', '-Xlint', 'shrink', 'modern', 'Result', 'setXXX', 'legend', 'inputs', 'review', 'Gradle', 'Assume', 'arrows', 'living', 'handed', 'memory', 'import', 'child1', 'filled', 'custom', 'Server', 'effort', 'option', 'derive', 'itself', 'double', 'length', 'simply', 'Create', 'Thrown', 'parent', 'choice', 'traces', 'THREAD', 'solved', 'places', 'hereby', 'dialog', 'Lastly', 'bottom', 'spotty', 'Either', 'deeper', 'turned', 'prices', 'digits', 'action', 'getXXX', 'Google', 'causes', 'target', 'tricky', 'height', 'worked', 'fairly', 'subtly', 'reacts', 'manner', 'future', 'denote', 'stored', 'Source', 'checks', 'public', 'Square', 'Struts', 'Answer', 'MCTaRE', 'saving', 'safely', 'higher', 'anyone', '§15.28', 'enrich', 'modded', 'intent', 'Within', 'pieces', 'copied', 'acting', 'poorly', 'secure', 'Equals', 'looper', 'caused', 'signed', 'depths', 'arrays', 'slower', 'shared', 'assume', 'begins', 'button', 'ensure', 'dozens', 'upload', 'unsure', 'studio', 'liable', 'Sample', 'Single', 'Should', 'levels', 'Adding', 'spirit', 'uphill', 'caches', 'effect', 'highly', 'SQLite', 'attach', 'warmup', 'marked', 'needed', 'rarely', 'JaveEE', 'braces', 'policy', 'reopen', 'faster', 'serves', 'evolve', 'Device', 'affect', 'pixels', 'Strict', 'header', 'native', 'assign', 'sounds', 'Simple', 'bypass', 'Object', 'Values', 'Select', 'Dotted', 'either', 'ALWAYS', 'obtain', 'unless', 'simple', 'Spring', 'avoids', 'column', 'object', 'listed', 'allows', 'friend', 'Pascal', 'Kotlin', 'starts', 'return', 'spawns', 'bullet', 'frames', 'Dialog', 'stores', 'solely', 'series', 'Simply', 'kernel', 'LOGCAT', 'passes', 'giving', 'manage', 'Assign', 'please', 'setter', 'easier', 'master', 'adjust', 'system', 'define', 'rxJava', 'Liskov', 'device', 'Always', 'images', ""'Stack"", 'lesson', 'layout', 'infact', 'rescue', 'unsafe', 'accept', 'client', 'Unlike', 'intern', 'layers', 'states', 'animal', 'Handle', 'during', 'myself', 'Editor', 'couple', 'MyType', 'making', 'values', 'thrown', 'symbol', 'logcat', 'safety', 'Prints', 'reduce', 'SOLVED', 'jayway', 'Window', 'Versus', 'JayWay', 'common', 'notify', 'theory', 'rather', 'strict', 'mostly', 'Arnold', 'String', 'former', 'pascal', 'Person', 'advice', 'Rather', 'should', 'Reader', 'genson', 'freely', 'school', 'called', 'unique', 'array1', 'reader', 'screen', 'novice', 'Locate', ""'white"", 'thread', 'JDK1.8', 'Common', 'likely', 'child2', 'speaks', 'sample', 'forgot', 'bigger', 'seeing', 'nobody', 'debate', 'switch', 'scroll', 'latest', 'resume', 'Change', 'formal', 'course', 'namely', 'events', 'BEFORE', 'modify', 'equals', 'makers', 'Normal', 'issues', 'Intent', 'people', 'cached', 'raised', 'models', 'Submit', 'longer', 'exists', 'Andrew', 'better', 'macros', 'behave', 'Oracle', 'Vaadin', 'bottem', 'useful', 'direct', 'getUrl', 'deemed', 'vector', 'hidden', 'poster', 'nested', 'failed', 'decade', 'inline', 'breaks', 'Closed', 'throws', 'ignore', 'select', 'latter', 'decide', 'viewer', 'detail', '\\uxxxx', 'sooner', 'nicely', 'insert', 'Python', 'leaves', 'format', 'middle', 'months', 'actual', 'potato', 'phases']"
11,"['temperature', 'else-values', 'observation', 'Perspective', 'recommended', 'complicated', 'discouraged', 'JOptionPane', 'identifying', 'instructive', 'circumvents', 'monopolizes', 'simplifying', 'explanation', 'PrintWriter', 'synchronous', 'accordingly', 'collections', 'non-reified', 'development', 'programmers', 'calculation', 'Furthermore', 'insensitive', 'IOException', 'itself-that', 'environment', 'potentially', 'sc.nextLine', 'controllers', 'Programming', 'non-natural', 'tentatively', '.mainThread', 'meaningfull', 'differently', 'Compareable', 'Costigliola', 'non-initial', 'significant', 'instantiate', 'programming', 'fine-tuning', 'Essentially', 'permanently', 'readability', 'restricting', 'identifiers', 'expressions', 'Testability', 'Programmers', 'name=foobar', 'contrasting', 'databinding', 'initialized', 'referencing', 'specifiying', 'Controlling', 'Engineering', 'CompareAble', 'String.join', 'firstNumber', 'far.However', 'inheritance', 'plugin.This', 'third-party', 'appropriate', 'Effectively', 'compilation', 'practically', 'Considering', 'encountered', 'declaration', 'considering', 'phraseology', 'Backbone.js', 'unfortunate', 'implemented', 'jump-tables', 'dimensional', 'Crashlytics', 'consequence', 'incremented', 'terminology', 'comparative', 'pre-defined', 'ImageLoader', 'printString', 'initialised', 'Maintaining', 'alternating', 'Python/Zope', 'restriction', ""'operations"", 'problem.You', 'beautifully', 'interesting', 'perspective', 'serializers', 'deserialize', 'non-literal', 'distinction', 'experienced', 'recompiling', 'doSomething', 'dingleberry', 'stacktraces', 'possibility', 'string-pool', 'differences', 'initializes', 'name.length', 'invocations', 'concurrency', 'technically', 'open-source', 'conventions', 'immediately', 'entry-level', 'problematic', 'JScrollPane', 'alternative', 'parametrize', 'unsupported', 'surrounding', 'refactoring', 'independent', 'intermixing', 'JSONObjects', 'Compilation', 'Collections', 'arrangement', 'unreachable', 'represented', 'essentially', 'dynamically', 'GroupLayout', 'calculating', 'destination', 'hexadecimal', 'Dynamically', 'preventions', 'requirement', 'percentages', 'originating', 'inefficient', ""'Invalidate"", 'dereference', 'maintainers', 'Recompiling', 'Performance', 'constructor', 'corrections', 'ineffective', 'enforcetype', 'permissions', 'suggestions', 'encapsulate', 'meaningless', 'description', 'information', 'whitespaces', 'constructed', ""'deficiency"", 'postprocess', 'type-safety', 'parent-type', 'prematurely', 'constraints', 'controlling', 'utilisation', 'changevalue', 'performance', 'substituted', 'specialized', 'acknowledge', 'combination', 'Manipulated', 'importantly', 'proportions', 'demonstrate', 'interaction', 'context.xml', 'reassigning', 'structuring', 'JFrame.pack', 'pack/unpack', 'transaction', 'Technically', 'annotations', 'Reusability', 'event-based', 'comparisons', 'bean.method', 'Annotations', 'application', 'sensitivity', 'omnipresent', 'EmptyBorder', 'non-generic', 'equivalence', 'benchmarked', 'Null-object', 'url-pattern', 'buid.gradle', 'corresponds', 'polymorphic', 'numberArray', 'portability', 'sub-project', ""'JButtonfor"", 'sub-objects']"
9,"['realistic', 'unhandled', 'numbering', 'Basically', 'performed', 'pre-dated', 'drawbacks', 'algorithm', 'excellent', 'extremely', 'Primitive', 'suggested', 'modifying', 'benchmark', 'identical', 'extending', 'stopwatch', 'endpoints', 'described', 'structure', 'arraytype', 'advisable', 'recompile', 'unchecked', 'Values.If', 'pointless', 'optimizes', 'aggregate', 'situation', 'implement', 'measuring', 'including', 'complains', 'canonical', 'ListOfDog', 'expensive', 'separator', 'separated', 'important', 'overlimit', 'debugging', 'parameter', 'generally', './logview', 'companies', 'designand', 'Translate', 'syntactic', 'encounter', 'Sometimes', 'JAVA_HOME', 'inherited', 'selecting', 'developed', 'generates', 'generated', 'Tombstone', 'namespace', 'datatypes', 'notorious', 'engineers', 'forgotten', 'iterating', 'favourite', 'Tutorials', 'semantics', 'Libraries', 'scenarios', 'Honeycomb', 'permanent', 'virtually', 'Depending', 'preceding', 'displayed', 'knowledge', 'compareTo', 'Book.java', 'streaming', 'backwards', 'scheduler', 'analysing', 'interface', 'ArrayList', 'precision', 'targeting', 'wondering', 'scriptlet', 'MigLayout', 'directory', 'timestamp', 'showToast', 'customize', 'retorical', 'ListOfCat', 'depending', 'Consumers', 'type-safe', ""'Variable"", 'compilers', 'evaluated', 'encourage', 'beginning', 'Initially', 'confusion', 'advantage', 'JFrameone', 'Dimension', 'templates', 'recommend', 'platforms', '1.onClick', 'surprised', 'technique', '.toString', 'exercises', 'Reifiable', 'wikipedia', 'inclusive', 'deduction', 'according', 'redisplay', 'XML-style', 'whichever', 'sometimes', 'invisible', 'retrieved', 'Safeguard', 'existence', 'comparing', 'behaviour', 'terminate', 'Different', 'googleing', 'Generally', 'param.foo', 'accessing', 'non-empty', 'expecting', 'Following', 'copypaste', 'migration', 'iteration', 'citations', 'ClassName', 'configure', 'exploring', 'following', 'operating', 'tutorials', 'Modifying', 'dimension', 'sequences', 'ArrayJust', 'decorated', 'subscribe', 'execution', 'wonderful', 'RAM.Those', 'relevance', 'Test.java', 'seriously', 'replacing', 'processed', ""'programs"", 'passed-in', 'classname', 'composing', 'personObj', 'happening', 'allocated', 'adherence', 'top-right', 'resources', 'requested', 'positions', 'coworkers', 'composite', 'attention', 'confusing', 'therefore', 'Analyzing', 'violating', 'redundant', 'myth-bust', 'intuitive', 'Stream.of', 'registers', 'instances', 'functions', 'substring', 'invariant', 'Declaring', 'Embedding', 'immutable', 'singleton', 'Interface', 'exception', 'threading', 'assigning', 'justified', 'concerned', 'analyzing', 'wildcards', 'Excellent', 'Certainly', 'character', 'silliness', 'RxAndroid', 'assembler', 'logically', 'dependent', 'perchance', 'Collector', 'Effective', 'perceives', 'Parameter', 'obviously', 'pollution', 'thousands', 'Recompile', 'scriplets', 'Invariant', 'solutions', 'difficult', 'Templates', 'converted', 'unpopular', 'referring', 'Threading', 'erroneous', 'successor', 'code.This', 'decoupled', 'receiving', 'haphazard', 'ancillary', 'space.But', 'submitted', 'volatages', 'Typically', 'Methods.6', 'permitted', 'rendering', 'downvotes', 'otherwise', 'potential', 'tombstone', 'lowercase', '/WEB-INF/', 'optionFor', 'SwingLabs', 'explained', 'frequency', 'specifies', 'necessary', 'specified', 'reference', 'analogous', 'locations', 'Container', 'deferring', 'typically', 'convinced', 'Otherwise', 'overriden', 'firstName', 'Raw-types', 'variables', 'technical', '1-indexed', 'Big-Three', 'footprint', 'aesthetic', 'container', 'presented', 'drop-down', 'basically', 'child.jsp', 'excluding', 'guarantee', 'questions', 'thread.We', 'this.name', 'Integrate', 'currently', 'documents', 'intuition', 'libraries', 'operators', 'influence', 'inference', 'runnables', 'carefully', 'illusions', 'collected', 'beginners', 'real-time', 'languages', 'Obviously', 'designing', 'represent', 'times.Let', 'highlight', 'overrides', 'idiomatic', 'numerical', 'signature', 'something', 'AsyncTask', 'executing', 'initially', 'Therefore', 'abolished', 'designers', 'component', 'calculate', 'statement', 'certainly', 'correctly', 'reputable', 'Benchmark', 'JsonArray', 'practices', 'continues', 'Throwable', 'prevented', 'developer', 'increment', 'hierarchy', 'preferred', 'duplicate', 'downloads', 'Suppliers', 'Scripting', 'Hopefully', 'describes', 'BoxLayout', 'everytime', 'thread/UI', 'mechanism', 'According', 'arbitrary', 'className', 'mode-pass', 'escapeXml', 'community', 'reporting', 'separates', 'optimized', 'mentioned', 'resulting', 'different', 'decisions', 'literally', 'available', 'belonging', 'System.in', 'uppercase', 'supertype', 'underline', 'regarding', 'attribute', 'Thymeleaf', 'dependant', 'determine', 'Reference', 'arguments', 'contracts', 'RohitJain', 'serialize', 'alt+inset', 'bendicott', 'stretched', 'framework', 'connected', 'transform', 'primitive', 'seemingly', 'reflected', 'discussed', 'end-users', 'types.Why', 'offending', 'delimiter', 'reifiable', 'Establish', 'alternate', 'Component', 'efficient', 'covariant', 'Exception', 'incorrect', 'semicolon', 'dangerous', 'practical', 'interfere', 'value-and', 'intervals', 'mTextView', 'Microsoft', 'bordersof', 'eachother', 'resorting', 'Naturally', 'counter++', 'somewhere', 'procedure', 'Capturing', 'Subtyping', 'getValues', 'RssReader', '2.0-style', 'operation', 'relations', 'subtyping', 'ignorance', 'importing', 'variation', 'perfectly', 'redefined', 'sensitive', 'executers', 'customers', 'hopefully', 'returning', 'Important', 'signifies', 'compiling', 'Incorrect', 'inserting', 'unnoticed', 'indicator', 'addresses', 'behaviors']"
15,"['JobInfo.Builder', 'superinterfaces', 'JasperException', 'compile/execute', 'scanner.newLine', 'AndroidManifest', 'Scanner.nextFoo', 'head-scratching', '===============', 'iterations/time', 'Arrays.toString', 'characteristics', 'changeReference', 'ToStringBuilder', 'microphone.This', 'deserialisation', 'procrastination', 'counter-example', 'representations', 'well-documented', 'content/members', 'system-specific', 'object-variable', 'bodyContent.jsp', 'auto-generating', 'printer.setName', 'supportLocation', 'System.nanoTime', 'single-threaded', 'component-based', 'implementations', 'processResponse', 'appendNewObject', 'synchronization', 'recommendations', 'ExecutorService', 'reference/value', 'straightforward', 'well-identified', 'modifyReference', 'deserialization', 'micro-benchmark', 'JInternalFrames', 'Scanner.nextInt', 'AsyncTaskLoader', 'Single-Document', 'AsyncHTTPClient', 'ImageFetch.java', 'initializations', 'collect/analyze', 'Maintainability', 'Object.toString', 'Lcom.foo.Person', 'toElegantReport']"
13,"['out-of-bounds', 'Dereferencing', 'approximation', 'consideration', 'dingleberries', 'documentation', 'complications', 'gobbledy-gook', 'PatrickParker', 'dog.firstName', 'short-running', 'corresponding', 'IntentService', 'getter/setter', 'serialisation', 'Network-based', 'appropriately', 'network-based', 'interoperable', 'Call-by-value', 'HandlerThread', 'specification', 'substantially', 'runOnUiThread', 'fundamentally', 'Debuggability', 'call-by-value', 'concatenation', 'PendingResult', 'recompilation', 'de-emphasizes', 'concentrating', 'Arrays.asList', 'modified.Only', 'self-document', 'String.equals', 'circumstances', 'compatibility', 'Arrays.stream', 'relationships', 'select/update', 'proliferation', 'Unfortunately', 'best-practice', 'Demonstration', 'String.intern', 'presentations', 'methods/tools', 'concatenating', 'configuration', 'MyCompareAble', 'reference-not', 'insignificant', 'communication', 'automatically', 'input.Because', 'titled-border', 'eventualities', 'scope-trouble', 'instantiation', 'Theoretically', 'sizealignment', 'Class.getName', 'unambiguously', 'inadvertently', 'copy-on-write', 'disadvantages', 'GridBagLayout', 'dereferencing', 'non-printable', 'parameterized', 'multi-display', 'method—copies', 'input.nextInt', 'printer.print', 'MyType.Nested', 'non-delimiter', 'unfortunately', 'realistically', 'possibilities', 'post-validate', 'chronological', 'free-floating', 'change/modify', 'comprehensive', 'PendingIntent', 'deserializers', 'serialization', 'Schedulers.io', 'unanticipated', 'frames/single', 'functionality', 'contributions', 'WindowBuilder', 'StringBuilder', 'architectural', 'Pass-by-value', 'onBackPressed', 'optimizations', 'super-helpful', 'AndroidStudio', 'Automatically', 'disconnecting', 'Alternatively', 'StackOverflow', 'understanding', 'Specification', 'Configuration', 'look-and-feel', 'LayoutManager', 'types/objects', 'multi-project', 'pass-by-value']"
8,"['creation', 'original', 'purposes', 'forwards', 'modifier', 'Solution', 'Database', 'operator', 'base.tag', 'manually', 'reassign', 'freeware', 'customer', 'addition', 'Up-sides', 'Optional', 'internal', 'For-each', 'Retrofit', 'traverse', 'requests', 'Fragment', 'remember', 'detected', 'Velocity', 'directly', 'Retrieve', 'programs', 'tracking', 'jsoniter', 'receives', 'anything', 'non-null', 'paradigm', 'entirely', 'catching', 'carriage', 'thoughts', 'Creating', 'multiple', 'chars.As', 'business', 'outliers', 'itpasses', 'Assembly', 'tempting', 'avoiding', ""'crowded"", 'resizing', 'project-', 'emulator', 'JGoodies', 'a.length', '.forEach', 'excerpts', 'involved', 'shortcut', 'resolved', 'debugged', 'encoding', 'contains', 'properly', 'computed', 'clip-art', 'accepted', 'it.After', 'compiles', 'schedule', 'Language', 'Probably', 'decrease', 'enhanced', '30.https', 'Consider', 'friendly', 'Maurizio', 'instruct', 'APIs.For', 'Moreover', 'provider', 'pictures', 'preceded', 'complain', 'searches', 'validate', 'retrieve', 'messages', 'HashCode', 'Crashing', 'Generate', 'ToString', 'beginner', 'smartGWT', 'explicit', 'AsynTask', 'respects', 'task-bar', 'Resource', 'inspired', 'inherent', 'illusory', 'Slightly', 'mentions', 'spinners', 'removing', 'Foo.java', 'obsessed', 's.length', 'Examples', 'interned', 'ancestor', 'Allocate', 'Eddition', 'assigned', 'jsonText', 'illusion', 'Location', 'overview', 'required', 'stumbled', 're-throw', 'adopting', 'Dr.Luiji', 'retained', 'external', 'pressing', 'examples', 'prevents', 'included', 'ensuring', 'verified', 'builders', 'declares', 'convince', 'scenario', 'touching', 'in-depth', 'numerous', 'Javadocs', 'approach', 'interest', 'valuable', 'slightly', 'Windows-', 'Tutorial', 'one-time', 'velocity', 'noticing', 'provides', 'describe', 'finished', 'mistakes', 'brackets', 'takeaway', 'learning', 'embedded', ':println', 'intellij', 'servlets', 'overhead', 'applying', 'JsonPATH', 'compiler', 'erasures', 'Actually', 'defining', 'evaluate', 'comments', 'wherever', 'obsolete', 'intended', 'literals', 'performs', 'IntelliJ', 'actually', 'yourself', 'toilsome', 'stronger', 'Variable', 'function', 'callback', 'databind', 'replaced', 'packages', 'requires', 'Required', 'returned', 'thousand', 'Although', 'explains', 'contrast', 'strictly', 'allocate', 'keyboard', 'defaults', 'activity', 'warnings', 'proposed', 'Exchange', 'disallow', 'floating', 'violated', 'everyone', 'probably', 'insights', 'pointing', 'downside', 'conceive', 'opposite', 'provided', 'distinct', 'Resolved', 'toString', 'integral', 'computer', 'portable', 'Example3', 'reversed', 'Operator', 'starting', 'official', 'bytecode', 'whenever', 'supports', 'geometry', 'practice', 'utilizes', 'supposed', 'settings', 'normally', 'doFilter', 'expected', 'argument', 'squeezed', 'Provided', 'negative', 'Printing', 'Manifest', 'myString', 'Remember', 'Template', 'features', 'hesitate', 'quickest', 'designed', 'existing', 'manifest', 'compound', 'TextView', 'template', 'terrible', 'MANUALLY', 'inputted', 'Internet', 'pinpoint', 'invented', 'compiled', 'backward', 'compared', 'run-time', 'executes', 'Original', 'division', 'Compiler', 'printing', 'suspects', 'building', 'clicking', 'Supplier', 'Servlets', 'generate', 'combined', 'anywhere', 'criteria', 'Suddenly', 'resolves', 'searched', 'benefits', 'property', 'account1', 'imported', 'PageInfo', 'Children', 'happened', 'variable', 'assuming', 'extended', 'previous', 'terminal', 'built-in', 'creators', 'getNames', 'simplest', 'decision', 'globally', '-verbose', 'breaking', 'pageName', 'response', 'Bar.java', 'modified', 'Android-', 'jsonData', 'JsonPath', 'navigate', 'abstract', 'unsigned', 'possible', 'Whenever', 'indexing', 'MyObject', 'decouple', 'keywords', 'nextLine', 'figuring', 'pageInfo', 'produced', 'Overview', 'finances', 'designer', 'accessed', 'Compared', 'generics', 'instance', 'rendered', 'platform', 'Consumer', 'projects', 'remind.I', 'Thompson', 'infinite', 'analysis', 'relevant', 'formally', 'slowness', 'identity', 'guessing', 'operates', 'uncaught', 'redirect', 'contents', 'Software', 'escaping', 'Generics', '\\desktop', 'eligible', 'suitable', 'Socially', 'Whatever', 'typesafe', 'Register', 'spelling', 'attempts', 'opposing', 'fastjson', 'sequence', 'supplier', 'byadding', '2f92e0f4', 'Function', 'Raw-type', 'thinking', 'JMenuBar', 'solution', 'accident', 'logs.txt', 'Modified', 'language', 'indicate', 'critical', 'recently', 'Vertical', 'answered', 'iterator', 'intArray', 'nextType', 'subclass', 'evidence', 'selected', 'patterns', 'referred', 'facility', 'clearify', 'tackling', 'Facelets', 'vertical', 'org.json', 'Directly', 'possibly', 'produces', 'interact', 'hashcode', 'Changing', 'stopped.', 'demuddle', 'minimize', 'raw-type', 'JavaBean', 'FastJson', 'cartoons', 'covering', 'fragment', 'speaking', '12345678', 'java.net', 'reliable', 'tutorial', 'polished', 'children', 'iterates', 'database', 'versions', 'typeless', 'implicit', 'specific', 'equality', 'Starting', 'presents', 'Identify', 'JavaDocs', 'theories', 'msysmilu', ""'nowhere"", 'populate', 'blogging', 'juggling', 'question', 'occurred', 'AppDebug', 'maintain', '28a418fc', 'entering', 'displays', 'recomend', 'myObject', 'override', '3.10.5-1', 'continue', 'standard', 'Lentzsch', 'Download', 'Executor', 'java.nio', 'measured', 'accuracy', 'download', 'tocreate', 'ordinary', 'changing', 'consider', 'executed', 'collects', 'includes', 'restrict', 'precedes', 'Multiple', 'relented', 'notifies', 'sentence', 'compares', 'enforced', 'Standard', 'directed', 'Literals', 'succeeds', 'resisted', 'enormous', 'services', 'somebody', 'exchange', 'released', 'consists', 'hashCode', 'document', 'choosing', 'increase', 'progress', 'snippets', 'Firebase', 'although', 'MyString', 'setToNil', 'simplify', 'use-case', 'creating', 'jgoodies', 'opinions', 'num2=321', 'personal', 'internet', 'consumer', 'parallel', 'together', 'reported', 'scanning', 'checking', 'JsonNode', 'modifies', 'concrete', 'Overflow', 'pitfalls', 'modeless', 'flexible', 'confront', 'JPanelor', 'Features', 'Canvases', 'location', 'debugger', 'fromJson', 'complete', 'checkout', 'readable', '0x100234', 'Likewise', 'pointers', 'throwing', 'replaces', 'sections', 'coupling', 'Activity', 'declared', 'position', 'notified', 'oncreate', 'bothered', 'onCreate', 'consumed', 'absolute', 'Runnable', 'clearing', 'elements', 'problems', 'disabled', 'software', 'Scanners', 'consumes', 'Painless', 'strongly', 'outdated', 'whatever', 'dictates', 'allowing', 'confused', 'behavior', 'handling', 'licensed', 'managers', 'crashing', 'nowadays', 'positive', 'separate', 'endpoint', 'powerful', 'Defining', 'daunting', 'constant', 'composed', 'triggers']"
14,"['RepositoryInfo', 'elements.First', 'AngularJS-like', 'misinformation', 'Replaceability', 'Objects.equals', 'initialization', 'layoutmanagers', 'Caches/Restart', 'AndroidMonitor', 'c.setAttribute', 'modifier.Using', 'keyword.Before', 'component.That', 'implementation', 'responsiveness', 'JInternalFrame', 'object-handles', 'specifications', 'anotherProject', 'otherReference', 'type-parameter', 'translatedText', 'time-consuming', 'superinterface', 'deoptimization', 'sampleJson.txt', 'com.foo.MyType', ""'user-friendly"", 'target/classes', 'getMinimumSize', 'representation', 'multi-threaded', 'Auther.java:25', '==============', ""'pass-by-value"", 'object-sharing', 'input.nextLine', 'SerializedName', 'interpretation', 'setMinimumSize', 'com.foo.Person', 'bufferedReader', 'primitive-type', 'Specifications', 'frame/multiple', 'Stream.collect', 'LayoutManagers', 'jInternalFrame', 'time/iteration']"
12,"['compilers-in', 'Applications', 'boiler-plate', 'manifest.xml', 'asynchronous', 'step-by-step', 'JSP/Facelets', 'demonstrated', 'translations', 'NavigableSet', 'ViewRootImpl', 'JVM-instance', 'inexplicable', 'significance', 'CharSequence', 'demonstrates', 'exception.An', 'opinion.Here', 'instantiated', 'illustration', 'superclasses', 'constructors', 'synchronized', 'instantiates', 'JobScheduler', 'Scanner.next', 'transactions', 'list.forEach', 'non-existent', 'enhancements', 'scanner.skip', 'alternatives', 'polymorphism', 'respectively', 'flatMapToInt', 'de-serialize', 'dependencies', 'subsequently', 'inconsistent', 'conditionals', 'deepToString', 'shortcomings', 'technicality', 'declarations', 'inconvenient', 'confirmation', 'environments', 'Example.java', 'nice-looking', 'implementing', 'well-defined', 'compile-time', 'customizable', 'incarnations', 'localisation', 'Consequently', 'reference.In', 'BorderLayout', 'modification', 'unresponsive', 'pedantically', 'destinations', 'client-ready', 'typesExample', 'initializing', 'individually', 'constructing', 'applications', 'periodically', 'capabilities', 'successfully', 'introduction', 'Specifically', 'illustrating', 'sub-projects', 'newbie-guide', 'mode.Firstly', 'colloquially', 'preferential', 'Downloadable', 'accompanying', 'dereferenced', 'requirements', 'WEB-INF\\tags', 'long-running', 'UseEpsilonGC', 'enhanced-for', 'compilations', 'restrictions', 'StringBuffer', 'Commons.Lang', 'contribution', 'Book.java:16', 'ListOfAnimal', 'java.version', 'LayoutManger', 'System.outor', ""'numberArray"", 'optimization', 'warmup-phase', 'availability', 'presentation', 'nomenclature', 'Consequences', 'explanations', 'HanlerThread', 'conversation', 'contributing', 'aDog.getName', 'WEB-INF/tags', 'SQLException', 'unespecified', 'intimidating', 'accidentally', 'DeclaratorId', 'SpringLayout', 'manipulation', 'median-value', 'fine-grained', 'ObjectMapper', 'specifically', 'jsoniterator', 'build.gradle', 'overwhelming', 'measurements', 'parametrized', 'less-or-more', 'Particularly', 'milliseconds', 'consequences', 'secondNumber', 'Successfully', 'redisplaying', 'minimal-json', 'representing', 'pre-generics', 'reverseArray', 'MessageQueue', 'Specialising', 'architecture', 'difficulties', 'CursorLoader', 'JDesktopPane', '=name.length', 'disorganized', 'benchmarking', 'RequestQueue', 'maintainable']"
18,"['readable/idiomatic', 'reference/variable', 'GridLayout.getVgap', 'GridLayout.getHgap', 'argument—something', 'portrait/landscape', 'micro-benchmarking', 'ThreadPoolExecutor', 'cross-platformness', 'DownCastCollection', 'FlowLayout.setHgap', 'FlowLayout.setVgap', 'System.out.println', 'SQLServerException', 'FlowLayout.getHgap', 'FinancesApiBuilder', 'GridLayout.setHgap', 'System.out.prtinln', 'GridLayout.setVgap', 'FlowLayout.getVgap']"
16,"['someArray.length', 'myarray.toString', 'java.lang.String', 'FragmentActivity', 'Scanner.nextLine', 'FinancesFragment', 'case-insensitive', 'nano/micro/macro', 'FinancesApi.java', 'onActivityResult', 'micro-benchmarks', 'already-existing', 'java.lang.Object', 'pass-by-whatever', 'org.json.Nashorn', 'cafeteria.Memory', 'firstName.equals', 'java.util.Arrays', 'SimpleDateFormat', 'multidimensional', 'SuppressWarnings', 'Retrieval/update', 'de-serialisation', 'equalsIgnoreCase', '\\desktop\\abc.txt', '2020.10.19.37839', 'AndroidMainifest', 'AsyncTaskLoaders', 'development.Make', 'RuntimeException', 'DesignGridLayout', 'Integer.parseInt']"
21,"['IllegalStateException', 'model-view-controller', 'Scheduler.computation', '\\desktop\\abc-shortcut', 'pass-by-reference—all', 'checkSystem.out.print', 'com.example.myproject', 'makeCallParseResponse', 'Android-Studio/Gradle', 'getFavoriteMusicShows', 'ArrayIndexOutOfBounds', 'NullPointerExceptions']"
2,"['41', 'In', 'We', '31', 'DB', '-c', '\\n', 'is', 'us', 'no', '95', 'on', '21', 'So', '20', 'it', 'EE', 't.', 'EL', 'OR', 'up', 'ie', 'As', 'Or', ""'m"", 'am', '1.', '||', 'OP', 'No', 'NO', 'g.', '47', 'A4', 'fn', 'DO', 'E.', '50', 'On', 'by', 'iA', 'he', '==', 'of', 'Ok', 'i5', 'GC', 'By', 'Eg', 'um', ""''"", '..', '42', 'we', 'DR', '32', 'ca', 'Be', ""'d"", '``', '59', 'OS', 'OK', '33', 'Of', 'VM', 'My', 'IN', 'iB', '8+', '10', 'vs', 'R.', 'eg', 'i=', 'at', 'IS', 'Go', 'as', '--', 'It', '\\r', '64', 'Oh', 'CR', 'UK', 'TL', 'C.', 'If', 'lt', '40', '13', 'IP', '14', 'b.', 'At', 'E7', 'Do', '54', '22', 'my', '11', 'Is', '12', 'or', 's2', 'He', 'sc', 'cc', 'an', '16', 'B.', 'do', 'me', 'be', 'c.', '23', 'to', 'go', 'LF', '8.', 'To', 'gc', 'in', 'IO', 's1', 'mt', 'UI', 's.', 'An', ""'S"", '-1', 'if', 'so', ""'s"", 'wo', '90']"
83,['//blog.takipi.com/the-ultimate-json-library-json-simple-vs-gson-vs-jackson-vs-json/']
30,"['java.lang.NullPointerException', 'CalledFromWrongThreadException', 'ArrayIndexOutOfBoundsException']"
20,"['request.getParameter', 'MyEntityService.java', 'numberArray.length-2', 'OutOfMemoryException', 'java.util.concurrent', 'BorderLayout.getVgap', 'NullPointerException', 'BorderLayout.getHgap', 'numberArray.length-1', 'user_view_dialog.xml', 'internationalisation', 'BorderLayout.setHgap', 'com.koushikdutta.ion', 'String.contentEquals', 'BorderLayout.setVgap']"
17,"['CICompilerCount=1', 'indistinguishable', 'support/debugging', '+PrintCompilation', 'Multi-dimensional', 'Call-by-Reference', 'pass-by-reference', ""'java.util.Arrays"", '//jsonp.java.net/', 'Bootstrap.java:14', 'debugging/testing', 'min/preferred/max', 'Pass-by-reference', 'parameterizations', 'multi-dimensional', 'Multiple-Document', 'behind-the-scenes', 'if/forEcah/chosen', 'Ljava.lang.String', 'java.lang.Boolean', 'producer-consumer', 'MainActivity.java', '-Xbootclasspath/p', 'mTextView.setText', 'understandability', './lib/logview.jar', 'call-by-reference', 'java.util.Scanner', 'reference.Finally']"
19,"['collection.Generics', 'java.io.IOException', 'UserViewDialog.java', 'java.util.List.size', 'Box.createRigidArea', 'passed-by-reference', 'equality/comparison', 'AndroidManifest.xml', 'ArithmeticException', 'consumeconsiderable', 'Arrays.deepToString', 'jsonschema2pojo.org', 'ArrayUtils.toString', 'BorderLayoutManager', 'java.io.InputStream']"
25,"['IndexOutOfBoundsException', 'look-and-feel-independent', 'Box.createHorizontalStrut', 'method/function/procedure', 'format/contains/uppercase', 'Java/JSP/JSTL/EL/whatever', 'GridBagConstraints.insets', 'TrumpIsPresidentException']"
24,"['Box.createHorizontalGlue', 'underneath.Alternatively', '\\applications\\xxxxx.java', 'SimplateDateFormat.parse', '========================']"
28,"['//github.com/jayway/JsonPath', 'AndroidSchedulers.mainThread', 'getPreferred|Maximum|Minimum', 'NetworkOnMainThreadException', '//square.github.io/retrofit/']"
27,"['java.io.BufferedInputStream', 'pass-the-reference-as-value', 'PassByValueObjectCase1.java', '//square.github.io/picasso/', 'ScheduledThreadPoolExecutor', 'pass-by-value.Unfortunately']"
22,"['PassByValueObjectCase2', '//opt.sourceforge.net/', 'AudioFragment.java:125', '//github.com/koush/ion', 'character-by-character', 'Stacktraces/Exceptions', 'Box.createVerticalGlue', '======================']"
38,"['//stackoverflow.com/a/28559884/1024412', '//stackoverflow.com/a/42899766/1024412']"
42,"['//bugs.openjdk.java.net/browse/JDK-6400189', '//mvnrepository.com/artifact/org.json/json']"
71,['//docs.oracle.com/javase/8/docs/api/java/lang/NullPointerException.html']
26,"['MoreObjects.ToStringHelper', 'WEB-INF\\classes\\com\\java2s']"
54,['//developer.android.com/reference/android/os/AsyncTask']
37,"['//stackoverflow.com/a/42471816/143585', 'anotherReferenceToTheSamePersonObject']"
34,"['pass-by-copy-of-the-variable-value', 'com.example.khan.abc.AudioFragment']"
31,"['BorderFactory.createEmptyBorder', '42\\r\\n\\r\\n321\\r\\n\\r\\n\\r\\nfoobar', ""'ArrayIndexOutOfBoundsException"", 'ArrayIndexOutOfBoundsExceptions']"
61,['//docs.oracle.com/javase/tutorial/java/generics/rawTypes.html']
23,"['Box.createVerticalStrut', 'String.equalsIgnoreCase']"
29,"['java.lang.ArrayStoreException', '/data/tombstones/tombstone_06', 'serialization/deserialization']"
39,"['com.example.khan.abc.AudioFragment.java', '//source.android.com/devices/tech/debug', 'android.os.NetworkOnMainThreadException']"
45,['//github.com/fabienrenaud/java-json-benchmark']
78,['//developer.android.com/reference/android/os/NetworkOnMainThreadException.html']
51,"['//thebadprogrammer.com/swing-layout-manager-sizing/', '//download.eclipse.org/eclipse/updates/4.9-P-builds']"
63,['//download.oracle.com/javase/tutorial/uiswing/layout/using.html']
79,['===============================================================================']
41,"['//jfeatures.com/blog/NullPointerException', 'org.apache.commons.lang3.StringUtils.join']"
59,['//docs.oracle.com/javase/tutorial/uiswing/layout/using.html']
